Аппарат высокого давления HD 6/15C*EU;410136112015001962;24.12.2015;24.12.2015;Особо ценное движимое имущество;14 3440101;55 699,00;Бюджет;55 699,00;0;1,19;84
База с ящиками 855*300*600  1013625665380;410136092015001110;12.11.2015;12.11.2015;Особо ценное движимое имущество;16 2915500;56 048,00;Бюджет;55 736,62;1,19;1,19;180
База с ящиками 855*300*600  1013625665381;410136092015001109;12.11.2015;12.11.2015;Особо ценное движимое имущество;16 2915500;56 048,00;Бюджет;55 736,62;1,19;1,19;180
База угловая с мойкой и краном 855*935*635  1013625665382;410136092015001112;12.11.2015;12.11.2015;Особо ценное движимое имущество;16 2915500;78 399,00;Бюджет;77 963,45;1,19;1,19;180
Вытяжка 1060*898*470 1013625663967;410136092015000465;13.11.2015;13.11.2015;Особо ценное движимое имущество;14 2919520;52 000,00;Бюджет;51 380,95;1,19;1,19;84
Диван (бежевый) 730*1260*760;410136112015001269;12.11.2015;12.11.2015;Особо ценное движимое имущество;16 3612441;81 450,68;Бюджет;80 481,03;1,19;1,19;84
Диван (бежевый) 730*1260*760;410136112015001265;12.11.2015;12.11.2015;Особо ценное движимое имущество;16 3612441;81 450,68;Бюджет;80 481,03;1,19;1,19;84
Диван (бежевый) 730*1260*760;410136112015001264;12.11.2015;12.11.2015;Особо ценное движимое имущество;16 3612441;81 450,68;Бюджет;80 481,03;1,19;1,19;84
Диван (бежевый) 730*1260*760;410136112015001263;12.11.2015;12.11.2015;Особо ценное движимое имущество;16 3612441;81 450,68;Бюджет;80 481,03;1,19;1,19;84
Диван (бежевый) 730*1260*760;410136112015001266;12.11.2015;12.11.2015;Особо ценное движимое имущество;16 3612441;81 450,68;Бюджет;80 481,03;1,19;1,19;84
Диван (бежевый) 730*1260*760;410136112015001267;12.11.2015;12.11.2015;Особо ценное движимое имущество;16 3612441;81 450,68;Бюджет;80 481,03;1,19;1,19;84
Диван (бежевый) 730*1260*760;410136112015001268;12.11.2015;12.11.2015;Особо ценное движимое имущество;16 3612441;81 450,68;Бюджет;80 481,03;1,19;1,19;84
Диван (комбинированная отделка, кожа+кожзам)830*1920*830  1013625665402;410136092015001099;12.11.2015;12.11.2015;Особо ценное движимое имущество;16 3612441;51 300,00;Бюджет;50 689,29;1,19;1,19;84
Диван (комбинированная отделка, кожа+кожзам)830*1920*830  1013625665404;410136092015001100;12.11.2015;12.11.2015;Особо ценное движимое имущество;16 3612441;51 300,00;Бюджет;50 689,29;1,19;1,19;84
Диван (комбинированная отделка, кожа+кожзам)830*1920*830  1013625665405;410136092015001101;12.11.2015;12.11.2015;Особо ценное движимое имущество;16 3612441;51 300,00;Бюджет;50 689,29;1,19;1,19;84
Диван (комбинированная отделка, кожа+кожзам)830*1920*830  1013625665406;410136092015001102;12.11.2015;12.11.2015;Особо ценное движимое имущество;16 3612441;51 300,00;Бюджет;50 689,29;1,19;1,19;84
Диван (комбинированная отделка, кожа+кожзам)830*1920*830  1013625665407;410136092015001103;12.11.2015;12.11.2015;Особо ценное движимое имущество;16 3612441;51 300,00;Бюджет;50 689,29;1,19;1,19;84
Диван (комбинированная отделка, кожа+кожзам)830*1920*830  1013625665408;410136092015001104;12.11.2015;12.11.2015;Особо ценное движимое имущество;16 3612441;51 300,00;Бюджет;50 689,29;1,19;1,19;84
Диван (комбинированная отделка, кожа+кожзам)830*1920*830  1013625665410;410136092015001105;12.11.2015;12.11.2015;Особо ценное движимое имущество;16 3612441;51 300,00;Бюджет;50 689,29;1,19;1,19;84
Диван (комбинированная отделка, кожа+кожзам)830*1920*830  1013625665411;410136092015001106;12.11.2015;12.11.2015;Особо ценное движимое имущество;16 3612441;51 300,00;Бюджет;50 689,29;1,19;1,19;84
Диван (комбинированная отделка, кожа+кожзам)830*1920*830  1013625665412;410136092015001107;12.11.2015;12.11.2015;Особо ценное движимое имущество;16 3612441;51 300,00;Бюджет;50 689,29;1,19;1,19;84
Диван (комбинированная отделка, кожа+кожзам)830*1920*830 1013625665386;410136092015001085;12.11.2015;12.11.2015;Особо ценное движимое имущество;16 3612441;51 300,00;Бюджет;50 689,29;1,19;1,19;84
Диван (комбинированная отделка, кожа+кожзам)830*1920*830 1013625665387;410136092015001086;12.11.2015;12.11.2015;Особо ценное движимое имущество;16 3612441;51 300,00;Бюджет;50 689,29;1,19;1,19;84
Диван (комбинированная отделка, кожа+кожзам)830*1920*830 1013625665388;410136092015001087;12.11.2015;12.11.2015;Особо ценное движимое имущество;16 3612441;51 300,00;Бюджет;50 689,29;1,19;1,19;84
Диван (комбинированная отделка, кожа+кожзам)830*1920*830 1013625665389;410136092015001088;12.11.2015;12.11.2015;Особо ценное движимое имущество;16 3612441;51 300,00;Бюджет;50 689,29;1,19;1,19;84
Диван (комбинированная отделка, кожа+кожзам)830*1920*830 1013625665390;410136092015001089;12.11.2015;12.11.2015;Особо ценное движимое имущество;16 3612441;51 300,00;Бюджет;50 689,29;1,19;1,19;84
Диван (комбинированная отделка, кожа+кожзам)830*1920*830 1013625665391;410136092015001090;12.11.2015;12.11.2015;Особо ценное движимое имущество;16 3612441;51 300,00;Бюджет;50 689,29;1,19;1,19;84
Диван (комбинированная отделка, кожа+кожзам)830*1920*830 1013625665392;410136092015001091;12.11.2015;12.11.2015;Особо ценное движимое имущество;16 3612441;51 300,00;Бюджет;50 689,29;1,19;1,19;84
Диван (комбинированная отделка, кожа+кожзам)830*1920*830 1013625665393;410136092015001092;12.11.2015;12.11.2015;Особо ценное движимое имущество;16 3612441;51 300,00;Бюджет;50 689,29;1,19;1,19;84
Диван (комбинированная отделка, кожа+кожзам)830*1920*830 1013625665394;410136092015001093;12.11.2015;12.11.2015;Особо ценное движимое имущество;16 3612441;51 300,00;Бюджет;50 689,29;1,19;1,19;84
Диван (комбинированная отделка, кожа+кожзам)830*1920*830 1013625665395;410136092015001094;12.11.2015;12.11.2015;Особо ценное движимое имущество;16 3612441;51 300,00;Бюджет;50 689,29;1,19;1,19;84
Диван (комбинированная отделка, кожа+кожзам)830*1920*830 1013625665396;410136092015001095;12.11.2015;12.11.2015;Особо ценное движимое имущество;16 3612441;51 300,00;Бюджет;50 689,29;1,19;1,19;84
Диван (комбинированная отделка, кожа+кожзам)830*1920*830 1013625665397;410136092015001096;12.11.2015;12.11.2015;Особо ценное движимое имущество;16 3612441;51 300,00;Бюджет;50 689,29;1,19;1,19;84
Диван (комбинированная отделка, кожа+кожзам)830*1920*830 1013625665399;410136092015001097;12.11.2015;12.11.2015;Особо ценное движимое имущество;16 3612441;51 300,00;Бюджет;50 689,29;1,19;1,19;84
Диван (комбинированная отделка, кожа+кожзам)830*1920*830 1013625665401;410136092015001098;12.11.2015;12.11.2015;Особо ценное движимое имущество;16 3612441;51 300,00;Бюджет;50 689,29;1,19;1,19;84
Диван (комбинированная отделка, кожа+кожзам)830*1920*830 1013625666468;410136092015001084;12.11.2015;12.11.2015;Особо ценное движимое имущество;16 3612441;51 300,00;Бюджет;50 689,29;1,19;1,19;84
Диван (светлая кожа) 900*2040*930 1013625666360;410136112015000063;12.11.2015;12.11.2015;Особо ценное движимое имущество;16 3612441;131 120,00;Бюджет;129 559,05;1,19;1,19;84
Диван (светлая кожа) 900*2040*930 1013625666363;410136112015000064;12.11.2015;12.11.2015;Особо ценное движимое имущество;16 3612441;131 120,00;Бюджет;129 559,05;1,19;1,19;84
Диван (светлая кожа) 900*2040*930 1013625666365;410136112015000065;12.11.2015;12.11.2015;Особо ценное движимое имущество;16 3612441;131 120,00;Бюджет;129 559,05;1,19;1,19;84
Диван (светлая кожа) 900*2040*930 1013625666366;410136112015000066;12.11.2015;12.11.2015;Особо ценное движимое имущество;16 3612441;131 120,00;Бюджет;129 559,05;1,19;1,19;84
Диван (светлая кожа) 900*2040*930 1013625666367;410136112015000067;12.11.2015;12.11.2015;Особо ценное движимое имущество;16 3612441;131 120,00;Бюджет;129 559,05;1,19;1,19;84
Диван (светлая кожа) 900*2040*930 1013625666368;410136112015000068;12.11.2015;12.11.2015;Особо ценное движимое имущество;16 3612441;131 120,00;Бюджет;129 559,05;1,19;1,19;84
Диван (светлая кожа) 900*2040*930 1013625666373;410136112015000069;12.11.2015;12.11.2015;Особо ценное движимое имущество;16 3612441;131 120,00;Бюджет;129 559,05;1,19;1,19;84
Диван (светлая кожа) 900*2040*930 1013625666375;410136112015000070;12.11.2015;12.11.2015;Особо ценное движимое имущество;16 3612441;131 120,00;Бюджет;129 559,05;1,19;1,19;84
Диван (светлая кожа) 900*2040*930 1013625666376;410136112015000071;12.11.2015;12.11.2015;Особо ценное движимое имущество;16 3612441;131 120,00;Бюджет;129 559,05;1,19;1,19;84
Диван (светлая кожа) 900*2040*930 1013625666382;410136112015000072;12.11.2015;12.11.2015;Особо ценное движимое имущество;16 3612441;131 120,00;Бюджет;129 559,05;1,19;1,19;84
Диван (светлая кожа) 900*2040*930 1013625666383;410136112015000073;12.11.2015;12.11.2015;Особо ценное движимое имущество;16 3612441;131 120,00;Бюджет;129 559,05;1,19;1,19;84
Диван (светлая кожа) 900*2040*930 1013625666386;410136112015000074;12.11.2015;12.11.2015;Особо ценное движимое имущество;16 3612441;131 120,00;Бюджет;129 559,05;1,19;1,19;84
Диван (светлая кожа) 900*2040*930 1013625666387;410136112015000075;12.11.2015;12.11.2015;Особо ценное движимое имущество;16 3612441;131 120,00;Бюджет;129 559,05;1,19;1,19;84
Диван (светлая кожа) 900*2040*930 1013625666388;410136112015000076;12.11.2015;12.11.2015;Особо ценное движимое имущество;16 3612441;131 120,00;Бюджет;129 559,05;1,19;1,19;84
Диван (светлая кожа) 900*2040*930 1013625666389;410136112015000077;12.11.2015;12.11.2015;Особо ценное движимое имущество;16 3612441;131 120,00;Бюджет;129 559,05;1,19;1,19;84
Диван (светлая кожа) 900*2040*930 1013625666390;410136112015000078;12.11.2015;12.11.2015;Особо ценное движимое имущество;16 3612441;131 120,00;Бюджет;129 559,05;1,19;1,19;84
Диван (светлая кожа) 900*2040*930 1013625666391;410136112015000079;12.11.2015;12.11.2015;Особо ценное движимое имущество;16 3612441;131 120,00;Бюджет;129 559,05;1,19;1,19;84
Диван (темно-коричневый) 730*1790*761;410136112015001255;12.11.2015;12.11.2015;Особо ценное движимое имущество;16 3612441;114 866,35;Бюджет;113 498,89;1,19;1,19;84
Диван (темно-коричневый) 730*1790*761;410136112015001256;12.11.2015;12.11.2015;Особо ценное движимое имущество;16 3612441;114 866,35;Бюджет;113 498,89;1,19;1,19;84
Диван (темно-коричневый) 730*1790*761;410136112015001260;12.11.2015;12.11.2015;Особо ценное движимое имущество;16 3612441;114 866,35;Бюджет;113 498,89;1,19;1,19;84
Диван (темно-коричневый) 730*1790*761;410136112015001257;12.11.2015;12.11.2015;Особо ценное движимое имущество;16 3612441;114 866,35;Бюджет;113 498,89;1,19;1,19;84
Диван (темно-коричневый) 730*1790*761;410136112015001262;12.11.2015;12.11.2015;Особо ценное движимое имущество;16 3612441;114 866,35;Бюджет;113 498,89;1,19;1,19;84
Диван (темно-коричневый) 730*1790*761;410136112015001259;12.11.2015;12.11.2015;Особо ценное движимое имущество;16 3612441;114 866,35;Бюджет;113 498,89;1,19;1,19;84
Диван (темно-коричневый) 730*1790*761;410136112015001261;12.11.2015;12.11.2015;Особо ценное движимое имущество;16 3612441;114 866,35;Бюджет;113 498,89;1,19;1,19;84
Диван (темно-коричневый) 730*1790*761;410136112015001258;12.11.2015;12.11.2015;Особо ценное движимое имущество;16 3612441;114 866,35;Бюджет;113 498,89;1,19;1,19;84
Диван (темно-коричневый) 730*1790*761;410136112015001254;12.11.2015;12.11.2015;Особо ценное движимое имущество;16 3612441;114 866,35;Бюджет;113 498,89;1,19;1,19;84
Диван 700*1300*700 двухместный в соврем.стиле на метал.каркасе;410136092015000222;13.11.2015;13.11.2015;Особо ценное движимое имущество;16 3612441;243 918,90;Бюджет;241 015,10;1,19;1,19;84
Диван 700*1300*700 двухместный в соврем.стиле на метал.каркасе;410136092015000231;13.11.2015;13.11.2015;Особо ценное движимое имущество;16 3612441;243 918,90;Бюджет;241 015,10;1,19;1,19;84
Диван 700*1300*700 двухместный в соврем.стиле на метал.каркасе;410136092015000232;13.11.2015;13.11.2015;Особо ценное движимое имущество;16 3612441;243 918,90;Бюджет;241 015,10;1,19;1,19;84
Диван 700*1300*700 двухместный в соврем.стиле на метал.каркасе;410136092015000233;13.11.2015;13.11.2015;Особо ценное движимое имущество;16 3612441;243 918,90;Бюджет;241 015,10;1,19;1,19;84
Диван 700*1300*700 двухместный в соврем.стиле на метал.каркасе;410136092015000223;13.11.2015;13.11.2015;Особо ценное движимое имущество;16 3612441;243 918,90;Бюджет;241 015,10;1,19;1,19;84
Диван 700*1300*700 двухместный в соврем.стиле на метал.каркасе;410136092015000224;13.11.2015;13.11.2015;Особо ценное движимое имущество;16 3612441;243 918,90;Бюджет;241 015,10;1,19;1,19;84
Диван 700*1300*700 двухместный в соврем.стиле на метал.каркасе;410136092015000226;13.11.2015;13.11.2015;Особо ценное движимое имущество;16 3612441;243 918,90;Бюджет;241 015,10;1,19;1,19;84
Диван 700*1300*700 двухместный в соврем.стиле на метал.каркасе;410136092015000225;13.11.2015;13.11.2015;Особо ценное движимое имущество;16 3612441;243 918,90;Бюджет;241 015,10;1,19;1,19;84
Диван 700*1300*700 двухместный в соврем.стиле на метал.каркасе;410136092015000227;13.11.2015;13.11.2015;Особо ценное движимое имущество;16 3612441;243 918,90;Бюджет;241 015,10;1,19;1,19;84
Диван 700*1300*700 двухместный в соврем.стиле на метал.каркасе;410136092015000228;13.11.2015;13.11.2015;Особо ценное движимое имущество;16 3612441;243 918,90;Бюджет;241 015,10;1,19;1,19;84
Диван 700*1300*700 двухместный в соврем.стиле на метал.каркасе;410136092015000229;13.11.2015;13.11.2015;Особо ценное движимое имущество;16 3612441;243 918,90;Бюджет;241 015,10;1,19;1,19;84
Диван 700*1300*700 двухместный в соврем.стиле на метал.каркасе;410136092015000230;13.11.2015;13.11.2015;Особо ценное движимое имущество;16 3612441;243 918,90;Бюджет;241 015,10;1,19;1,19;84
Диван 830*2200*830;410136112015001241;12.11.2015;12.11.2015;Особо ценное движимое имущество;16 3612441;121 288,20;Бюджет;119 844,29;1,19;1,19;84
Диван 940*1520*760 на деревянной раме;410136092015000251;13.11.2015;13.11.2015;Особо ценное движимое имущество;16 3612441;216 792,58;Бюджет;214 211,72;1,19;1,19;84
Диван кожаный 880*1750*930 1013625662949;410136112015000163;20.11.2015;20.11.2015;Особо ценное движимое имущество;16 3612441;261 059,88;Бюджет;257 952,02;1,19;1,19;84
Духовка электрическая 592*597*548 1013625663966;410136092015000463;13.11.2015;13.11.2015;Особо ценное движимое имущество;14 2925520;78 200,00;Бюджет;77 548,33;0,83;0,83;120
Кресло (бежевое)730*730*760;410136112015001276;12.11.2015;12.11.2015;Особо ценное движимое имущество;16 3612692;69 964,05;Бюджет;69 131,14;1,19;1,19;84
Кресло (бежевое)730*730*760;410136112015001279;12.11.2015;12.11.2015;Особо ценное движимое имущество;16 3612692;69 964,05;Бюджет;69 131,14;1,19;1,19;84
Кресло (бежевое)730*730*760;410136112015001281;12.11.2015;12.11.2015;Особо ценное движимое имущество;16 3612692;69 964,05;Бюджет;69 131,14;1,19;1,19;84
Кресло (бежевое)730*730*760;410136112015001277;12.11.2015;12.11.2015;Особо ценное движимое имущество;16 3612692;69 964,05;Бюджет;69 131,14;1,19;1,19;84
Кресло (бежевое)730*730*760;410136112015001272;12.11.2015;12.11.2015;Особо ценное движимое имущество;16 3612692;69 964,05;Бюджет;69 131,14;1,19;1,19;84
Кресло (бежевое)730*730*760;410136112015001270;12.11.2015;12.11.2015;Особо ценное движимое имущество;16 3612692;69 964,05;Бюджет;69 131,14;1,19;1,19;84
Кресло (бежевое)730*730*760;410136112015001278;12.11.2015;12.11.2015;Особо ценное движимое имущество;16 3612692;69 964,05;Бюджет;69 131,14;1,19;1,19;84
Кресло (бежевое)730*730*760;410136112015001273;12.11.2015;12.11.2015;Особо ценное движимое имущество;16 3612692;69 964,05;Бюджет;69 131,14;1,19;1,19;84
Кресло (бежевое)730*730*760;410136112015001271;12.11.2015;12.11.2015;Особо ценное движимое имущество;16 3612692;69 964,05;Бюджет;69 131,14;1,19;1,19;84
Кресло (бежевое)730*730*760;410136112015001274;12.11.2015;12.11.2015;Особо ценное движимое имущество;16 3612692;69 964,05;Бюджет;69 131,14;1,19;1,19;84
Кресло (бежевое)730*730*760;410136112015001280;12.11.2015;12.11.2015;Особо ценное движимое имущество;16 3612692;69 964,05;Бюджет;69 131,14;1,19;1,19;84
Кресло (бежевое)730*730*760;410136112015001275;12.11.2015;12.11.2015;Особо ценное движимое имущество;16 3612692;69 964,05;Бюджет;69 131,14;1,19;1,19;84
Кресло (светлая кожа) 900*930*930 1013625666400;410136112015000080;12.11.2015;12.11.2015;Особо ценное движимое имущество;16 3612530;70 345,00;Бюджет;69 507,56;1,19;1,19;84
Кресло (светлая кожа) 900*930*930 1013625666402;410136112015000081;12.11.2015;12.11.2015;Особо ценное движимое имущество;16 3612530;70 345,00;Бюджет;69 507,56;1,19;1,19;84
Кресло (светлая кожа) 900*930*930 1013625666404;410136112015000082;12.11.2015;12.11.2015;Особо ценное движимое имущество;16 3612530;70 345,00;Бюджет;69 507,56;1,19;1,19;84
Кресло (светлая кожа) 900*930*930 1013625666408;410136112015000083;12.11.2015;12.11.2015;Особо ценное движимое имущество;16 3612530;70 345,00;Бюджет;69 507,56;1,19;1,19;84
Кресло (светлая кожа) 900*930*930 1013625666409;410136112015000084;12.11.2015;12.11.2015;Особо ценное движимое имущество;16 3612530;70 345,00;Бюджет;69 507,56;1,19;1,19;84
Кресло (светлая кожа) 900*930*930 1013625666412;410136112015000085;12.11.2015;12.11.2015;Особо ценное движимое имущество;16 3612530;70 345,00;Бюджет;69 507,56;1,19;1,19;84
Кресло (светлая кожа) 900*930*930 1013625666413;410136112015000086;12.11.2015;12.11.2015;Особо ценное движимое имущество;16 3612530;70 345,00;Бюджет;69 507,56;1,19;1,19;84
Кресло (светлая кожа) 900*930*930 1013625666416;410136112015000087;12.11.2015;12.11.2015;Особо ценное движимое имущество;16 3612530;70 345,00;Бюджет;69 507,56;1,19;1,19;84
Кресло (светлая кожа) 900*930*930 1013625666418;410136112015000088;12.11.2015;12.11.2015;Особо ценное движимое имущество;16 3612530;70 345,00;Бюджет;69 507,56;1,19;1,19;84
Кресло (светлая кожа) 900*930*930 1013625666419;410136112015000089;12.11.2015;12.11.2015;Особо ценное движимое имущество;16 3612530;70 345,00;Бюджет;69 507,56;1,19;1,19;84
Кресло (светлая кожа) 900*930*930 1013625666421;410136112015000090;12.11.2015;12.11.2015;Особо ценное движимое имущество;16 3612530;70 345,00;Бюджет;69 507,56;1,19;1,19;84
Кресло (светлая кожа) 900*930*930 1013625666422;410136112015000091;12.11.2015;12.11.2015;Особо ценное движимое имущество;16 3612530;70 345,00;Бюджет;69 507,56;1,19;1,19;84
Кресло (светлая кожа) 900*930*930 1013625666423;410136112015000092;12.11.2015;12.11.2015;Особо ценное движимое имущество;16 3612530;70 345,00;Бюджет;69 507,56;1,19;1,19;84
Кресло (светлая кожа) 900*930*930 1013625666425;410136112015000093;12.11.2015;12.11.2015;Особо ценное движимое имущество;16 3612530;70 345,00;Бюджет;69 507,56;1,19;1,19;84
Кресло (светлая кожа) 900*930*930 1013625666426;410136112015000094;12.11.2015;12.11.2015;Особо ценное движимое имущество;16 3612530;70 345,00;Бюджет;69 507,56;1,19;1,19;84
Кресло (светлая кожа) 900*930*930 1013625666429;410136112015000095;12.11.2015;12.11.2015;Особо ценное движимое имущество;16 3612530;70 345,00;Бюджет;69 507,56;1,19;1,19;84
Кресло (светлая кожа) 900*930*930 1013625666434;410136112015000096;12.11.2015;12.11.2015;Особо ценное движимое имущество;16 3612530;70 345,00;Бюджет;69 507,56;1,19;1,19;84
Кресло (светлая кожа) 900*930*930 1013625666438;410136112015000097;12.11.2015;12.11.2015;Особо ценное движимое имущество;16 3612530;70 345,00;Бюджет;69 507,56;1,19;1,19;84
Кресло (светлая кожа) 900*930*930 1013625666439;410136112015000098;12.11.2015;12.11.2015;Особо ценное движимое имущество;16 3612530;70 345,00;Бюджет;69 507,56;1,19;1,19;84
Кресло (светлая кожа) 900*930*930 1013625666440;410136112015000099;12.11.2015;12.11.2015;Особо ценное движимое имущество;16 3612530;70 345,00;Бюджет;69 507,56;1,19;1,19;84
Кресло (светлая кожа) 900*930*930 1013625666441;410136112015000100;12.11.2015;12.11.2015;Особо ценное движимое имущество;16 3612530;70 345,00;Бюджет;69 507,56;1,19;1,19;84
Кресло (светлая кожа) 900*930*930 1013625666443;410136112015000101;12.11.2015;12.11.2015;Особо ценное движимое имущество;16 3612530;70 345,00;Бюджет;69 507,56;1,19;1,19;84
Кресло (светлая кожа) 900*930*930 1013625666444;410136112015000102;12.11.2015;12.11.2015;Особо ценное движимое имущество;16 3612530;70 345,00;Бюджет;69 507,56;1,19;1,19;84
Кресло (светлая кожа) 900*930*930 1013625666445;410136112015000103;12.11.2015;12.11.2015;Особо ценное движимое имущество;16 3612530;70 345,00;Бюджет;69 507,56;1,19;1,19;84
Кресло (светлая кожа) 900*930*930 1013625666447;410136112015000104;12.11.2015;12.11.2015;Особо ценное движимое имущество;16 3612530;70 345,00;Бюджет;69 507,56;1,19;1,19;84
Кресло (светлая кожа) 900*930*930 1013625666449;410136112015000105;12.11.2015;12.11.2015;Особо ценное движимое имущество;16 3612530;70 345,00;Бюджет;69 507,56;1,19;1,19;84
Кресло (светлая кожа) 900*930*930 1013625666450;410136112015000106;12.11.2015;12.11.2015;Особо ценное движимое имущество;16 3612530;70 345,00;Бюджет;69 507,56;1,19;1,19;84
Кресло (светлая кожа) 900*930*930 1013625666451;410136112015000107;12.11.2015;12.11.2015;Особо ценное движимое имущество;16 3612530;70 345,00;Бюджет;69 507,56;1,19;1,19;84
Кресло (светлая кожа) 900*930*930 1013625666453;410136112015000108;12.11.2015;12.11.2015;Особо ценное движимое имущество;16 3612530;70 345,00;Бюджет;69 507,56;1,19;1,19;84
Кресло (светлая кожа) 900*930*930 1013625666459;410136112015000109;12.11.2015;12.11.2015;Особо ценное движимое имущество;16 3612530;70 345,00;Бюджет;69 507,56;1,19;1,19;84
Кресло (светлая кожа) 900*930*930 1013625666463;410136112015000110;12.11.2015;12.11.2015;Особо ценное движимое имущество;16 3612530;70 345,00;Бюджет;69 507,56;1,19;1,19;84
Кресло (светлая кожа) 900*930*930 1013625666465;410136112015000111;12.11.2015;12.11.2015;Особо ценное движимое имущество;16 3612530;70 345,00;Бюджет;69 507,56;1,19;1,19;84
Кресло (темно-коричневое)730*730*761;410136112015001288;12.11.2015;12.11.2015;Особо ценное движимое имущество;16 3612692;69 964,05;Бюджет;69 131,14;1,19;1,19;84
Кресло (темно-коричневое)730*730*761;410136112015001291;12.11.2015;12.11.2015;Особо ценное движимое имущество;16 3612692;69 964,05;Бюджет;69 131,14;1,19;1,19;84
Кресло (темно-коричневое)730*730*761;410136112015001282;12.11.2015;12.11.2015;Особо ценное движимое имущество;16 3612692;69 964,05;Бюджет;69 131,14;1,19;1,19;84
Кресло (темно-коричневое)730*730*761;410136112015001294;12.11.2015;12.11.2015;Особо ценное движимое имущество;16 3612692;69 964,05;Бюджет;69 131,14;1,19;1,19;84
Кресло (темно-коричневое)730*730*761;410136112015001284;12.11.2015;12.11.2015;Особо ценное движимое имущество;16 3612692;69 964,05;Бюджет;69 131,14;1,19;1,19;84
Кресло (темно-коричневое)730*730*761;410136112015001290;12.11.2015;12.11.2015;Особо ценное движимое имущество;16 3612692;69 964,05;Бюджет;69 131,14;1,19;1,19;84
Кресло (темно-коричневое)730*730*761;410136112015001297;12.11.2015;12.11.2015;Особо ценное движимое имущество;16 3612692;69 964,05;Бюджет;69 131,14;1,19;1,19;84
Кресло (темно-коричневое)730*730*761;410136112015001300;12.11.2015;12.11.2015;Особо ценное движимое имущество;16 3612692;69 964,05;Бюджет;69 131,14;1,19;1,19;84
Кресло (темно-коричневое)730*730*761;410136112015001292;12.11.2015;12.11.2015;Особо ценное движимое имущество;16 3612692;69 964,05;Бюджет;69 131,14;1,19;1,19;84
Кресло (темно-коричневое)730*730*761;410136112015001293;12.11.2015;12.11.2015;Особо ценное движимое имущество;16 3612692;69 964,05;Бюджет;69 131,14;1,19;1,19;84
Кресло (темно-коричневое)730*730*761;410136112015001296;12.11.2015;12.11.2015;Особо ценное движимое имущество;16 3612692;69 964,05;Бюджет;69 131,14;1,19;1,19;84
Кресло (темно-коричневое)730*730*761;410136112015001287;12.11.2015;12.11.2015;Особо ценное движимое имущество;16 3612692;69 964,05;Бюджет;69 131,14;1,19;1,19;84
Кресло (темно-коричневое)730*730*761;410136112015001283;12.11.2015;12.11.2015;Особо ценное движимое имущество;16 3612692;69 964,05;Бюджет;69 131,14;1,19;1,19;84
Кресло (темно-коричневое)730*730*761;410136112015001295;12.11.2015;12.11.2015;Особо ценное движимое имущество;16 3612692;69 964,05;Бюджет;69 131,14;1,19;1,19;84
Кресло (темно-коричневое)730*730*761;410136112015001301;12.11.2015;12.11.2015;Особо ценное движимое имущество;16 3612692;69 964,05;Бюджет;69 131,14;1,19;1,19;84
Кресло (темно-коричневое)730*730*761;410136112015001298;12.11.2015;12.11.2015;Особо ценное движимое имущество;16 3612692;69 964,05;Бюджет;69 131,14;1,19;1,19;84
Кресло (темно-коричневое)730*730*761;410136112015001299;12.11.2015;12.11.2015;Особо ценное движимое имущество;16 3612692;69 964,05;Бюджет;69 131,14;1,19;1,19;84
Кресло (темно-коричневое)730*730*761;410136112015001286;12.11.2015;12.11.2015;Особо ценное движимое имущество;16 3612692;69 964,05;Бюджет;69 131,14;1,19;1,19;84
Кресло (темно-коричневое)730*730*761;410136112015001289;12.11.2015;12.11.2015;Особо ценное движимое имущество;16 3612692;69 964,05;Бюджет;69 131,14;1,19;1,19;84
Кресло (темно-коричневое)730*730*761;410136112015001285;12.11.2015;12.11.2015;Особо ценное движимое имущество;16 3612692;69 964,05;Бюджет;69 131,14;1,19;1,19;84
Кресло 700*800*700 кожа, хром детали, цвет черный;410136092015000258;13.11.2015;13.11.2015;Особо ценное движимое имущество;16 3612692;119 600,00;Бюджет;118 176,19;1,19;1,19;84
Кресло 700*800*700 кожа, хром детали, цвет черный;410136092015000259;13.11.2015;13.11.2015;Особо ценное движимое имущество;16 3612692;119 600,00;Бюджет;118 176,19;1,19;1,19;84
Кресло 700*800*700 кожа, хром детали, цвет черный;410136092015000260;13.11.2015;13.11.2015;Особо ценное движимое имущество;16 3612692;119 600,00;Бюджет;118 176,19;1,19;1,19;84
Кресло 700*800*700 кожа, хром детали, цвет черный;410136092015000261;13.11.2015;13.11.2015;Особо ценное движимое имущество;16 3612692;119 600,00;Бюджет;118 176,19;1,19;1,19;84
Кресло 700*800*700 кожа, хром детали, цвет черный;410136092015000262;13.11.2015;13.11.2015;Особо ценное движимое имущество;16 3612692;119 600,00;Бюджет;118 176,19;1,19;1,19;84
Кресло 700*800*700 кожа, хром детали, цвет черный;410136092015000263;13.11.2015;13.11.2015;Особо ценное движимое имущество;16 3612692;119 600,00;Бюджет;118 176,19;1,19;1,19;84
Кресло 700*800*700 кожа, хром детали, цвет черный;410136092015000264;13.11.2015;13.11.2015;Особо ценное движимое имущество;16 3612692;119 600,00;Бюджет;118 176,19;1,19;1,19;84
Кресло 700*800*700 кожа, хром детали, цвет черный;410136092015000265;13.11.2015;13.11.2015;Особо ценное движимое имущество;16 3612692;119 600,00;Бюджет;118 176,19;1,19;1,19;84
Кресло 700*800*700 кожа, хром детали, цвет черный;410136092015000266;13.11.2015;13.11.2015;Особо ценное движимое имущество;16 3612692;119 600,00;Бюджет;118 176,19;1,19;1,19;84
Кресло 700*800*700 кожа, хром детали, цвет черный;410136092015000267;13.11.2015;13.11.2015;Особо ценное движимое имущество;16 3612692;119 600,00;Бюджет;118 176,19;1,19;1,19;84
Кресло 700*800*700 кожа, хром детали, цвет черный;410136092015000268;13.11.2015;13.11.2015;Особо ценное движимое имущество;16 3612692;119 600,00;Бюджет;118 176,19;1,19;1,19;84
Кресло 700*800*700 кожа, хром детали, цвет черный;410136092015000269;13.11.2015;13.11.2015;Особо ценное движимое имущество;16 3612692;119 600,00;Бюджет;118 176,19;1,19;1,19;84
Кресло 700*800*700 кожа, хром детали, цвет черный;410136092015000270;13.11.2015;13.11.2015;Особо ценное движимое имущество;16 3612692;119 600,00;Бюджет;118 176,19;1,19;1,19;84
Кресло 700*800*700 кожа, хром детали, цвет черный;410136092015000271;13.11.2015;13.11.2015;Особо ценное движимое имущество;16 3612692;119 600,00;Бюджет;118 176,19;1,19;1,19;84
Кресло 700*800*700 кожа, хром детали, цвет черный;410136092015000272;13.11.2015;13.11.2015;Особо ценное движимое имущество;16 3612692;119 600,00;Бюджет;118 176,19;1,19;1,19;84
Кресло 700*800*700 кожа, хром детали, цвет черный;410136092015000273;13.11.2015;13.11.2015;Особо ценное движимое имущество;16 3612692;119 600,00;Бюджет;118 176,19;1,19;1,19;84
Кресло 700*800*700 кожа, хром детали, цвет черный;410136092015000274;13.11.2015;13.11.2015;Особо ценное движимое имущество;16 3612692;119 600,00;Бюджет;118 176,19;1,19;1,19;84
Кресло 700*800*700 кожа, хром детали, цвет черный;410136092015000275;13.11.2015;13.11.2015;Особо ценное движимое имущество;16 3612692;119 600,00;Бюджет;118 176,19;1,19;1,19;84
Кресло 700*800*700 кожа, хром детали, цвет черный;410136092015000276;13.11.2015;13.11.2015;Особо ценное движимое имущество;16 3612692;119 600,00;Бюджет;118 176,19;1,19;1,19;84
Кресло 700*800*700 кожа, хром детали, цвет черный;410136092015000277;13.11.2015;13.11.2015;Особо ценное движимое имущество;16 3612692;119 600,00;Бюджет;118 176,19;1,19;1,19;84
Кресло 700*800*700 кожа, хром детали, цвет черный;410136092015000278;13.11.2015;13.11.2015;Особо ценное движимое имущество;16 3612692;119 600,00;Бюджет;118 176,19;1,19;1,19;84
Кресло 700*800*700 кожа, хром детали, цвет черный;410136092015000279;13.11.2015;13.11.2015;Особо ценное движимое имущество;16 3612692;119 600,00;Бюджет;118 176,19;1,19;1,19;84
Кресло 700*800*700 кожа, хром детали, цвет черный;410136092015000280;13.11.2015;13.11.2015;Особо ценное движимое имущество;16 3612692;119 600,00;Бюджет;118 176,19;1,19;1,19;84
Кресло 700*800*700 кожа, хром детали, цвет черный;410136092015000281;13.11.2015;13.11.2015;Особо ценное движимое имущество;16 3612692;119 600,00;Бюджет;118 176,19;1,19;1,19;84
Кресло 700*800*700 кожа, хром детали, цвет черный;410136092015000282;13.11.2015;13.11.2015;Особо ценное движимое имущество;16 3612692;119 600,00;Бюджет;118 176,19;1,19;1,19;84
Кресло 700*800*700 кожа, хром детали, цвет черный;410136092015000283;13.11.2015;13.11.2015;Особо ценное движимое имущество;16 3612692;119 600,00;Бюджет;118 176,19;1,19;1,19;84
Кресло 700*800*700 кожа, хром детали, цвет черный;410136092015000284;13.11.2015;13.11.2015;Особо ценное движимое имущество;16 3612692;119 600,00;Бюджет;118 176,19;1,19;1,19;84
Кресло 700*800*700 кожа, хром детали, цвет черный;410136092015000285;13.11.2015;13.11.2015;Особо ценное движимое имущество;16 3612692;119 600,00;Бюджет;118 176,19;1,19;1,19;84
Кресло 700*800*700 кожа, хром детали, цвет черный;410136092015000286;13.11.2015;13.11.2015;Особо ценное движимое имущество;16 3612692;119 600,00;Бюджет;118 176,19;1,19;1,19;84
Кресло 700*800*700 кожа, хром детали, цвет черный;410136092015000287;13.11.2015;13.11.2015;Особо ценное движимое имущество;16 3612692;119 600,00;Бюджет;118 176,19;1,19;1,19;84
Кресло 700*800*700 кожа, хром детали, цвет черный;410136092015000288;13.11.2015;13.11.2015;Особо ценное движимое имущество;16 3612692;119 600,00;Бюджет;118 176,19;1,19;1,19;84
Кресло 700*800*700 кожа, хром детали, цвет черный;410136092015000289;13.11.2015;13.11.2015;Особо ценное движимое имущество;16 3612692;119 600,00;Бюджет;118 176,19;1,19;1,19;84
Кресло 780*700*620;410136112015001332;12.11.2015;12.11.2015;Особо ценное движимое имущество;16 3612692;92 018,39;Бюджет;90 922,93;1,19;1,19;84
Кресло 780*700*620;410136112015001333;12.11.2015;12.11.2015;Особо ценное движимое имущество;16 3612692;92 018,39;Бюджет;90 922,93;1,19;1,19;84
Кресло 780*700*620;410136112015001335;12.11.2015;12.11.2015;Особо ценное движимое имущество;16 3612692;92 018,39;Бюджет;90 922,93;1,19;1,19;84
Кресло 780*700*620;410136112015001337;12.11.2015;12.11.2015;Особо ценное движимое имущество;16 3612692;92 018,39;Бюджет;90 922,93;1,19;1,19;84
Кресло 780*700*620;410136112015001334;12.11.2015;12.11.2015;Особо ценное движимое имущество;16 3612692;92 018,39;Бюджет;90 922,93;1,19;1,19;84
Кресло 780*700*620;410136112015001336;12.11.2015;12.11.2015;Особо ценное движимое имущество;16 3612692;92 018,39;Бюджет;90 922,93;1,19;1,19;84
Кресло 830*800*830;410136112015001242;12.11.2015;12.11.2015;Особо ценное движимое имущество;16 3612530;60 799,20;Бюджет;60 075,40;1,19;1,19;84
Кресло 830*800*830;410136112015001243;12.11.2015;12.11.2015;Особо ценное движимое имущество;16 3612530;60 799,20;Бюджет;60 075,40;1,19;1,19;84
Кресло 940*950*760;410136112015001084;12.11.2015;12.11.2015;Особо ценное движимое имущество;16 3612692;157 531,97;Бюджет;155 656,59;1,19;1,19;84
Кресло 940*950*760;410136112015001085;12.11.2015;12.11.2015;Особо ценное движимое имущество;16 3612692;157 531,97;Бюджет;155 656,59;1,19;1,19;84
Кресло кожаное 820*800*850;410136112015001245;12.11.2015;12.11.2015;Особо ценное движимое имущество;16 3612530;193 184,31;Бюджет;190 884,50;1,19;1,19;84
Кресло кожаное 820*800*850;410136112015001244;12.11.2015;12.11.2015;Особо ценное движимое имущество;16 3612530;193 184,31;Бюджет;190 884,50;1,19;1,19;84
Кресло кожаное 880*1000*930 1013625662947;410136112015000161;20.11.2015;20.11.2015;Особо ценное движимое имущество;16 3612692;120 087,54;Бюджет;118 657,93;1,19;1,19;84
Кресло кожаное 880*1000*930 1013625662948;410136112015000162;20.11.2015;20.11.2015;Особо ценное движимое имущество;16 3612692;120 087,54;Бюджет;118 657,93;1,19;1,19;84
Письменный стол с брифинг-приставкой и тумбой под телефоны;410136092015000249;13.11.2015;13.11.2015;Особо ценное движимое имущество;16 3612421;792 126,72;Бюджет;782 696,64;1,19;1,19;84
Посудомоечная машина встраиваемая 820*600*580 1013625663968;410136092015000466;13.11.2015;13.11.2015;Особо ценное движимое имущество;14 2944172;75 600,00;Бюджет;74 700,00;1,19;1,19;84
Пюпитр 1250*550*400  1013625666121;410136112015000003;12.11.2015;12.11.2015;Особо ценное движимое имущество;16 3612496;51 700,00;Бюджет;51 084,52;1,19;1,19;84
Пюпитр 1250*550*400 1013625666125;410136112015000004;12.11.2015;12.11.2015;Особо ценное движимое имущество;16 3612496;51 700,00;Бюджет;51 084,52;1,19;1,19;84
Рабочий стол руководителя 770х1800х816/676х970х518,брифинг 1400х800;410136092015000238;13.11.2015;13.11.2015;Особо ценное движимое имущество;16 3612420;283 563,00;Бюджет;280 187,25;1,19;1,19;84
Рабочий стол руководителя 770х1800х816/676х970х518,брифинг 1400х800 ;410136092015000247;13.11.2015;13.11.2015;Особо ценное движимое имущество;16 3612420;283 563,00;Бюджет;280 187,25;1,19;1,19;84
Рабочий стол руководителя 770х1800х816/676х970х518,брифинг 1400х800 ;410136092015000248;13.11.2015;13.11.2015;Особо ценное движимое имущество;16 3612420;283 563,00;Бюджет;280 187,25;1,19;1,19;84
Рабочий стол руководителя 770х1800х816/676х970х518,брифинг 1400х800 ;410136092015000239;13.11.2015;13.11.2015;Особо ценное движимое имущество;16 3612420;283 563,00;Бюджет;280 187,25;1,19;1,19;84
Рабочий стол руководителя 770х1800х816/676х970х518,брифинг 1400х800 ;410136092015000240;13.11.2015;13.11.2015;Особо ценное движимое имущество;16 3612420;283 563,00;Бюджет;280 187,25;1,19;1,19;84
Рабочий стол руководителя 770х1800х816/676х970х518,брифинг 1400х800 ;410136092015000241;13.11.2015;13.11.2015;Особо ценное движимое имущество;16 3612420;283 563,00;Бюджет;280 187,25;1,19;1,19;84
Рабочий стол руководителя 770х1800х816/676х970х518,брифинг 1400х800 ;410136092015000242;13.11.2015;13.11.2015;Особо ценное движимое имущество;16 3612420;283 563,00;Бюджет;280 187,25;1,19;1,19;84
Рабочий стол руководителя 770х1800х816/676х970х518,брифинг 1400х800 ;410136092015000243;13.11.2015;13.11.2015;Особо ценное движимое имущество;16 3612420;283 563,00;Бюджет;280 187,25;1,19;1,19;84
Рабочий стол руководителя 770х1800х816/676х970х518,брифинг 1400х800 ;410136092015000244;13.11.2015;13.11.2015;Особо ценное движимое имущество;16 3612420;283 563,00;Бюджет;280 187,25;1,19;1,19;84
Рабочий стол руководителя 770х1800х816/676х970х518,брифинг 1400х800 ;410136092015000245;13.11.2015;13.11.2015;Особо ценное движимое имущество;16 3612420;283 563,00;Бюджет;280 187,25;1,19;1,19;84
Рабочий стол руководителя 770х1800х816/676х970х518,брифинг 1400х800 ;410136092015000246;13.11.2015;13.11.2015;Особо ценное движимое имущество;16 3612420;283 563,00;Бюджет;280 187,25;1,19;1,19;84
стол 750*.диам.1300 1013625663542;410136092015000327;13.11.2015;13.11.2015;Особо ценное движимое имущество;16 3612420;60 500,00;Бюджет;59 779,76;1,19;1,19;84
стол 750*1200*800  1013625665413;410136092015001124;12.11.2015;12.11.2015;Особо ценное движимое имущество;16 3612420;72 612,00;Бюджет;71 747,57;1,19;1,19;84
Стол кованый 750*диам.1200 101380009234;410136092015001519;20.11.2015;20.11.2015;Особо ценное движимое имущество;16 3612668;79 400,00;Бюджет;78 454,76;1,19;1,19;84
Стол кованый 750*диам.1200 101380009235;410136092015001520;20.11.2015;20.11.2015;Особо ценное движимое имущество;16 3612668;79 400,00;Бюджет;78 454,76;1,19;1,19;84
Стол круглый на 20 человек h=780, диам.6000;410136112015001240;12.11.2015;12.11.2015;Особо ценное движимое имущество;16 3612420;9 957 045,00;Бюджет;9 838 508,75;1,19;1,19;84
Стол круглый под скатерть на 18 человек 760*диам.5800;410136092015000837;12.11.2015;12.11.2015;Особо ценное движимое имущество;16 3612420;174 578,25;Бюджет;172 499,94;1,19;1,19;84
Стол письменный с возможностью установки оргтехники 750*1830*1600 1013625664194;410136092015000615;13.11.2015;13.11.2015;Особо ценное движимое имущество;16 3612668;52 211,25;Бюджет;51 589,69;1,19;1,19;84
Стол письменный с возможностью установки оргтехники 750*1830*1600 1013625664195;410136092015000617;13.11.2015;13.11.2015;Особо ценное движимое имущество;16 3612668;52 211,25;Бюджет;51 589,69;1,19;1,19;84
Стол письменный с возможностью установки оргтехники 750*1830*1600 1013625664196;410136092015000618;13.11.2015;13.11.2015;Особо ценное движимое имущество;16 3612668;52 211,25;Бюджет;51 589,69;1,19;1,19;84
Стол письменный с возможностью установки оргтехники 750*1830*1600 1013625664197;410136092015000619;13.11.2015;13.11.2015;Особо ценное движимое имущество;16 3612668;52 211,25;Бюджет;51 589,69;1,19;1,19;84
Стол письменный с возможностью установки оргтехники 750*1830*1600 1013625664198;410136092015000620;13.11.2015;13.11.2015;Особо ценное движимое имущество;16 3612668;52 211,25;Бюджет;51 589,69;1,19;1,19;84
Стол письменный с возможностью установки оргтехники 750*1830*1600 1013625664199;410136092015000621;13.11.2015;13.11.2015;Особо ценное движимое имущество;16 3612668;52 211,25;Бюджет;51 589,69;1,19;1,19;84
Стол письменный с возможностью установки оргтехники 750*1830*1600 1013625664200;410136092015000622;13.11.2015;13.11.2015;Особо ценное движимое имущество;16 3612668;52 211,25;Бюджет;51 589,69;1,19;1,19;84
Стол письменный с возможностью установки оргтехники 750*1830*1600 1013625664201;410136092015000623;13.11.2015;13.11.2015;Особо ценное движимое имущество;16 3612668;52 211,25;Бюджет;51 589,69;1,19;1,19;84
Стол письменный с возможностью установки оргтехники 750*1830*1600 1013625664202;410136092015000624;13.11.2015;13.11.2015;Особо ценное движимое имущество;16 3612668;52 211,25;Бюджет;51 589,69;1,19;1,19;84
Стол письменный с возможностью установки оргтехники 750*1830*1600 1013625664203;410136092015000625;13.11.2015;13.11.2015;Особо ценное движимое имущество;16 3612668;52 211,25;Бюджет;51 589,69;1,19;1,19;84
Стол письменный с возможностью установки оргтехники 750*1830*1600 1013625664204;410136092015000626;13.11.2015;13.11.2015;Особо ценное движимое имущество;16 3612668;52 211,25;Бюджет;51 589,69;1,19;1,19;84
Стол письменный с возможностью установки оргтехники 750*1830*1600 1013625664205;410136092015000627;13.11.2015;13.11.2015;Особо ценное движимое имущество;16 3612668;52 211,25;Бюджет;51 589,69;1,19;1,19;84
Стол письменный с возможностью установки оргтехники 750*1830*1600 1013625664206;410136092015000628;13.11.2015;13.11.2015;Особо ценное движимое имущество;16 3612668;52 211,25;Бюджет;51 589,69;1,19;1,19;84
Стол письменный с возможностью установки оргтехники 750*1830*1600 1013625664207;410136092015000629;13.11.2015;13.11.2015;Особо ценное движимое имущество;16 3612668;52 211,25;Бюджет;51 589,69;1,19;1,19;84
Стол письменный с возможностью установки оргтехники 750*1830*1600 1013625664208;410136092015000630;13.11.2015;13.11.2015;Особо ценное движимое имущество;16 3612668;52 211,25;Бюджет;51 589,69;1,19;1,19;84
Стол письменный с возможностью установки оргтехники 750*1830*1600 1013625664209;410136092015000631;13.11.2015;13.11.2015;Особо ценное движимое имущество;16 3612668;52 211,25;Бюджет;51 589,69;1,19;1,19;84
Стол письменный с возможностью установки оргтехники 750*1830*1600 1013625664210;410136092015000632;13.11.2015;13.11.2015;Особо ценное движимое имущество;16 3612668;52 211,25;Бюджет;51 589,69;1,19;1,19;84
Стол письменный с возможностью установки оргтехники 750*1830*1600 1013625664211;410136092015000633;13.11.2015;13.11.2015;Особо ценное движимое имущество;16 3612668;52 211,25;Бюджет;51 589,69;1,19;1,19;84
Стол письменный с возможностью установки оргтехники 750*1830*1600 1013625664212;410136092015000634;13.11.2015;13.11.2015;Особо ценное движимое имущество;16 3612668;52 211,25;Бюджет;51 589,69;1,19;1,19;84
Стол письменный с возможностью установки оргтехники 750*1830*1600 1013625664213;410136092015000635;13.11.2015;13.11.2015;Особо ценное движимое имущество;16 3612668;52 211,25;Бюджет;51 589,69;1,19;1,19;84
Стол письменный с возможностью установки оргтехники 750*1830*1600 1013625664214;410136092015000636;13.11.2015;13.11.2015;Особо ценное движимое имущество;16 3612668;52 211,25;Бюджет;51 589,69;1,19;1,19;84
Стол письменный с возможностью установки оргтехники 750*1830*1600 1013625664215;410136092015000637;13.11.2015;13.11.2015;Особо ценное движимое имущество;16 3612668;52 211,25;Бюджет;51 589,69;1,19;1,19;84
Стол письменный с возможностью установки оргтехники 750*1830*1600 1013625664216;410136092015000638;13.11.2015;13.11.2015;Особо ценное движимое имущество;16 3612668;52 211,25;Бюджет;51 589,69;1,19;1,19;84
Стол письменный с возможностью установки оргтехники 750*1830*1600 1013625664217;410136092015000639;13.11.2015;13.11.2015;Особо ценное движимое имущество;16 3612668;52 211,25;Бюджет;51 589,69;1,19;1,19;84
Стол письменный с возможностью установки оргтехники 750*1830*1600 1013625664218;410136092015000640;13.11.2015;13.11.2015;Особо ценное движимое имущество;16 3612668;52 211,25;Бюджет;51 589,69;1,19;1,19;84
Стол письменный с возможностью установки оргтехники 750*1830*1600 1013625664219;410136092015000641;13.11.2015;13.11.2015;Особо ценное движимое имущество;16 3612668;52 211,25;Бюджет;51 589,69;1,19;1,19;84
Стол письменный с возможностью установки оргтехники 750*1830*1600 1013625664220;410136092015000642;13.11.2015;13.11.2015;Особо ценное движимое имущество;16 3612668;52 211,25;Бюджет;51 589,69;1,19;1,19;84
Стол письменный с возможностью установки оргтехники 750*1830*1600 1013625664221;410136092015000643;13.11.2015;13.11.2015;Особо ценное движимое имущество;16 3612668;52 211,25;Бюджет;51 589,69;1,19;1,19;84
Стол письменный с возможностью установки оргтехники 750*1830*1600 1013625664222;410136092015000644;13.11.2015;13.11.2015;Особо ценное движимое имущество;16 3612668;52 211,25;Бюджет;51 589,69;1,19;1,19;84
Стол письменный с возможностью установки оргтехники 750*1830*1600 1013625664223;410136092015000645;13.11.2015;13.11.2015;Особо ценное движимое имущество;16 3612668;52 211,25;Бюджет;51 589,69;1,19;1,19;84
Стол письменный с возможностью установки оргтехники 750*1830*1600 1013625664224;410136092015000646;13.11.2015;13.11.2015;Особо ценное движимое имущество;16 3612668;52 211,25;Бюджет;51 589,69;1,19;1,19;84
Стол письменный с возможностью установки оргтехники 750*1830*1600 1013625664225;410136092015000647;13.11.2015;13.11.2015;Особо ценное движимое имущество;16 3612668;52 211,25;Бюджет;51 589,69;1,19;1,19;84
Стол письменный с возможностью установки оргтехники 750*1830*1600 1013625664226;410136092015000648;13.11.2015;13.11.2015;Особо ценное движимое имущество;16 3612668;52 211,25;Бюджет;51 589,69;1,19;1,19;84
Стол письменный с возможностью установки оргтехники 750*1830*1600 1013625664227;410136092015000649;13.11.2015;13.11.2015;Особо ценное движимое имущество;16 3612668;52 211,25;Бюджет;51 589,69;1,19;1,19;84
Стол письменный с возможностью установки оргтехники 750*1830*1600 1013625664228;410136092015000650;13.11.2015;13.11.2015;Особо ценное движимое имущество;16 3612668;52 211,25;Бюджет;51 589,69;1,19;1,19;84
Стол письменный с возможностью установки оргтехники 750*1830*1600 1013625664229;410136092015000651;13.11.2015;13.11.2015;Особо ценное движимое имущество;16 3612668;52 211,25;Бюджет;51 589,69;1,19;1,19;84
Стол письменный с возможностью установки оргтехники 750*1830*1600 1013625664230;410136092015000652;13.11.2015;13.11.2015;Особо ценное движимое имущество;16 3612668;52 211,25;Бюджет;51 589,69;1,19;1,19;84
Стол письменный с возможностью установки оргтехники 750*1830*1600 1013625664231;410136092015000653;13.11.2015;13.11.2015;Особо ценное движимое имущество;16 3612668;52 211,25;Бюджет;51 589,69;1,19;1,19;84
Стол письменный с возможностью установки оргтехники 750*1830*1600 1013625664232;410136092015000654;13.11.2015;13.11.2015;Особо ценное движимое имущество;16 3612668;52 211,25;Бюджет;51 589,69;1,19;1,19;84
Стол письменный с возможностью установки оргтехники 750*1830*1600 1013625664233;410136092015000655;13.11.2015;13.11.2015;Особо ценное движимое имущество;16 3612668;52 211,25;Бюджет;51 589,69;1,19;1,19;84
Стол письменный с возможностью установки оргтехники 750*1830*1600 1013625664234;410136092015000656;13.11.2015;13.11.2015;Особо ценное движимое имущество;16 3612668;52 211,25;Бюджет;51 589,69;1,19;1,19;84
Стол письменный с возможностью установки оргтехники 750*1830*1600 1013625664235;410136092015000657;13.11.2015;13.11.2015;Особо ценное движимое имущество;16 3612668;52 211,25;Бюджет;51 589,69;1,19;1,19;84
Стол письменный с возможностью установки оргтехники 750*1830*1600 1013625664236;410136092015000658;13.11.2015;13.11.2015;Особо ценное движимое имущество;16 3612668;52 211,25;Бюджет;51 589,69;1,19;1,19;84
Стол письменный с возможностью установки оргтехники 750*1830*1600 1013625664237;410136092015000659;13.11.2015;13.11.2015;Особо ценное движимое имущество;16 3612668;52 211,25;Бюджет;51 589,69;1,19;1,19;84
Стол письменный с возможностью установки оргтехники 750*1830*1600 1013625664238;410136092015000660;13.11.2015;13.11.2015;Особо ценное движимое имущество;16 3612668;52 211,25;Бюджет;51 589,69;1,19;1,19;84
Стол письменный с возможностью установки оргтехники 750*1830*1600 1013625664239;410136092015000661;13.11.2015;13.11.2015;Особо ценное движимое имущество;16 3612668;52 211,25;Бюджет;51 589,69;1,19;1,19;84
Стол письменный с возможностью установки оргтехники 750*1830*1600 1013625664240;410136092015000662;13.11.2015;13.11.2015;Особо ценное движимое имущество;16 3612668;52 211,25;Бюджет;51 589,69;1,19;1,19;84
Стол письменный с возможностью установки оргтехники 750*1830*1600 1013625664241;410136092015000663;13.11.2015;13.11.2015;Особо ценное движимое имущество;16 3612668;52 211,25;Бюджет;51 589,69;1,19;1,19;84
Стол письменный с возможностью установки оргтехники 750*1830*1600 1013625664242;410136092015000664;13.11.2015;13.11.2015;Особо ценное движимое имущество;16 3612668;52 211,25;Бюджет;51 589,69;1,19;1,19;84
Стол письменный с возможностью установки оргтехники 750*1830*1600 1013625664243;410136092015000665;13.11.2015;13.11.2015;Особо ценное движимое имущество;16 3612668;52 211,25;Бюджет;51 589,69;1,19;1,19;84
Стол письменный с возможностью установки оргтехники 750*1830*1600 1013625664244;410136092015000667;13.11.2015;13.11.2015;Особо ценное движимое имущество;16 3612668;52 211,25;Бюджет;51 589,69;1,19;1,19;84
Стол письменный с возможностью установки оргтехники 750*1830*1600 1013625664245;410136092015000668;13.11.2015;13.11.2015;Особо ценное движимое имущество;16 3612668;52 211,25;Бюджет;51 589,69;1,19;1,19;84
Стол письменный с возможностью установки оргтехники 750*1830*1600 1013625664246;410136092015000672;13.11.2015;13.11.2015;Особо ценное движимое имущество;16 3612668;52 211,25;Бюджет;51 589,69;1,19;1,19;84
Стол письменный с возможностью установки оргтехники 750*1830*1600 1013625664247;410136092015000673;13.11.2015;13.11.2015;Особо ценное движимое имущество;16 3612668;52 211,25;Бюджет;51 589,69;1,19;1,19;84
Стол письменный с возможностью установки оргтехники 750*1830*1600 1013625664248;410136092015000674;13.11.2015;13.11.2015;Особо ценное движимое имущество;16 3612668;52 211,25;Бюджет;51 589,69;1,19;1,19;84
Стол письменный с возможностью установки оргтехники 750*1830*1600 1013625664249;410136092015000675;13.11.2015;13.11.2015;Особо ценное движимое имущество;16 3612668;52 211,25;Бюджет;51 589,69;1,19;1,19;84
Стол письменный с возможностью установки оргтехники 750*1830*1600 1013625664250;410136092015000676;13.11.2015;13.11.2015;Особо ценное движимое имущество;16 3612668;52 211,25;Бюджет;51 589,69;1,19;1,19;84
Стол письменный с возможностью установки оргтехники 750*1830*1600 1013625664251;410136092015000677;13.11.2015;13.11.2015;Особо ценное движимое имущество;16 3612668;52 211,25;Бюджет;51 589,69;1,19;1,19;84
Стол письменный с возможностью установки оргтехники 750*1830*1600 1013625664252;410136092015000678;13.11.2015;13.11.2015;Особо ценное движимое имущество;16 3612668;52 211,25;Бюджет;51 589,69;1,19;1,19;84
Стол письменный с возможностью установки оргтехники 750*1830*1600 1013625664253;410136092015000679;13.11.2015;13.11.2015;Особо ценное движимое имущество;16 3612668;52 211,25;Бюджет;51 589,69;1,19;1,19;84
Стол письменный с возможностью установки оргтехники 750*1830*1600 1013625664254;410136092015000684;13.11.2015;13.11.2015;Особо ценное движимое имущество;16 3612668;52 211,25;Бюджет;51 589,69;1,19;1,19;84
Стол письменный с возможностью установки оргтехники 750*1830*1600 1013625664255;410136092015000685;13.11.2015;13.11.2015;Особо ценное движимое имущество;16 3612668;52 211,25;Бюджет;51 589,69;1,19;1,19;84
Стол письменный с возможностью установки оргтехники 750*1830*1600 1013625664256;410136092015000686;13.11.2015;13.11.2015;Особо ценное движимое имущество;16 3612668;52 211,25;Бюджет;51 589,69;1,19;1,19;84
Стол письменный с возможностью установки оргтехники 750*1830*1600 1013625664257;410136092015000687;13.11.2015;13.11.2015;Особо ценное движимое имущество;16 3612668;52 211,25;Бюджет;51 589,69;1,19;1,19;84
стол прямоугольный на 14 человек;410136092015000252;13.11.2015;13.11.2015;Особо ценное движимое имущество;16 3612668;2 001 807,14;Бюджет;1 977 976,10;1,19;1,19;84
стол прямоугольный на 14 человек ;410136092015000253;13.11.2015;13.11.2015;Особо ценное движимое имущество;16 3612668;2 001 807,14;Бюджет;1 977 976,10;1,19;1,19;84
Стол сервировочный 850х1220х480;410136092015000250;13.11.2015;13.11.2015;Особо ценное движимое имущество;16 3612275;220 167,55;Бюджет;217 546,51;1,19;1,19;84
Стол сервировочный 850х1220х480;410136092015000234;13.11.2015;13.11.2015;Особо ценное движимое имущество;16 3612273;311 850,00;Бюджет;308 137,50;1,19;1,19;84
Стол сервировочный 850х1220х480;410136092015000235;13.11.2015;13.11.2015;Особо ценное движимое имущество;16 3612273;311 850,00;Бюджет;308 137,50;1,19;1,19;84
Стол сервировочный 850х1220х480;410136092015000236;13.11.2015;13.11.2015;Особо ценное движимое имущество;16 3612273;311 850,00;Бюджет;308 137,50;1,19;1,19;84
Стол сервировочный 850х1220х480;410136092015000237;13.11.2015;13.11.2015;Особо ценное движимое имущество;16 3612273;311 850,00;Бюджет;308 137,50;1,19;1,19;84
Стол туалетный с зеркалом (стол 773*1534*422 зеркало 1010*1100)  1013625666733;410136112015000166;12.11.2015;12.11.2015;Особо ценное движимое имущество;16 3612420;149 200,00;Бюджет;147 423,81;1,19;1,19;84
Стол туалетный с зеркалом (стол 773*1534*422 зеркало 1010*1100)  1013625666736;410136112015000167;12.11.2015;12.11.2015;Особо ценное движимое имущество;16 3612420;149 200,00;Бюджет;147 423,81;1,19;1,19;84
Стол туалетный с зеркалом (стол 773*1534*422 зеркало 1010*1100)  1013625666737;410136112015000168;12.11.2015;12.11.2015;Особо ценное движимое имущество;16 3612420;149 200,00;Бюджет;147 423,81;1,19;1,19;84
Стол туалетный с зеркалом (стол 773*1534*422 зеркало 1010*1100) 1013625666731;410136112015000164;12.11.2015;12.11.2015;Особо ценное движимое имущество;16 3612420;149 200,00;Бюджет;147 423,81;1,19;1,19;84
Стол туалетный с зеркалом (стол 773*1534*422 зеркало 1010*1100) 1013625666732;410136112015000165;12.11.2015;12.11.2015;Особо ценное движимое имущество;16 3612420;149 200,00;Бюджет;147 423,81;1,19;1,19;84
Стол туалетный с зеркалом (стол 773*1534*422 зеркало 1010*1100) 1013625666738;410136112015000169;12.11.2015;12.11.2015;Особо ценное движимое имущество;16 3612420;149 200,00;Бюджет;147 423,81;1,19;1,19;84
Стол туалетный с зеркалом (стол 773*1534*422 зеркало 1010*1100) 1013625666739;410136112015000170;12.11.2015;12.11.2015;Особо ценное движимое имущество;16 3612420;149 200,00;Бюджет;147 423,81;1,19;1,19;84
Стол туалетный с зеркалом (стол 773*1534*422 зеркало 1010*1100) 1013625666740;410136112015000171;12.11.2015;12.11.2015;Особо ценное движимое имущество;16 3612420;149 200,00;Бюджет;147 423,81;1,19;1,19;84
Стол туалетный с зеркалом (стол 773*1534*422 зеркало 1010*1100) 1013625666743;410136112015000172;12.11.2015;12.11.2015;Особо ценное движимое имущество;16 3612420;149 200,00;Бюджет;147 423,81;1,19;1,19;84
Стол туалетный с зеркалом (стол 773*1534*422 зеркало 1010*1100) 1013625666744;410136112015000173;12.11.2015;12.11.2015;Особо ценное движимое имущество;16 3612420;149 200,00;Бюджет;147 423,81;1,19;1,19;84
Стол туалетный с зеркалом (стол 773*1534*422 зеркало 1010*1100) 1013625666748;410136112015000174;12.11.2015;12.11.2015;Особо ценное движимое имущество;16 3612420;149 200,00;Бюджет;147 423,81;1,19;1,19;84
Стол-тумба сервировочный 830х1200х430;410136112015001067;12.11.2015;12.11.2015;Особо ценное движимое имущество;16 3612273;192 083,08;Бюджет;189 796,38;1,19;1,19;84
Стол-тумба сервировочный 830х1200х430;410136112015001077;12.11.2015;12.11.2015;Особо ценное движимое имущество;16 3612273;192 083,08;Бюджет;189 796,38;1,19;1,19;84
Стол-тумба сервировочный 830х1200х430;410136112015001073;12.11.2015;12.11.2015;Особо ценное движимое имущество;16 3612273;192 083,08;Бюджет;189 796,38;1,19;1,19;84
Стол-тумба сервировочный 830х1200х430;410136112015001064;12.11.2015;12.11.2015;Особо ценное движимое имущество;16 3612273;192 083,08;Бюджет;189 796,38;1,19;1,19;84
Стол-тумба сервировочный 830х1200х430;410136112015001072;12.11.2015;12.11.2015;Особо ценное движимое имущество;16 3612273;192 083,08;Бюджет;189 796,38;1,19;1,19;84
Стол-тумба сервировочный 830х1200х430;410136112015001071;12.11.2015;12.11.2015;Особо ценное движимое имущество;16 3612273;192 083,08;Бюджет;189 796,38;1,19;1,19;84
Стол-тумба сервировочный 830х1200х430;410136112015001068;12.11.2015;12.11.2015;Особо ценное движимое имущество;16 3612273;192 083,08;Бюджет;189 796,38;1,19;1,19;84
Стол-тумба сервировочный 830х1200х430;410136112015001075;12.11.2015;12.11.2015;Особо ценное движимое имущество;16 3612273;192 083,08;Бюджет;189 796,38;1,19;1,19;84
Стол-тумба сервировочный 830х1200х430;410136112015001063;12.11.2015;12.11.2015;Особо ценное движимое имущество;16 3612273;192 083,08;Бюджет;189 796,38;1,19;1,19;84
Стол-тумба сервировочный 830х1200х430;410136112015001076;12.11.2015;12.11.2015;Особо ценное движимое имущество;16 3612273;192 083,08;Бюджет;189 796,38;1,19;1,19;84
Стол-тумба сервировочный 830х1200х430;410136112015001065;12.11.2015;12.11.2015;Особо ценное движимое имущество;16 3612273;192 083,08;Бюджет;189 796,38;1,19;1,19;84
Стол-тумба сервировочный 830х1200х430;410136112015001080;12.11.2015;12.11.2015;Особо ценное движимое имущество;16 3612273;192 083,08;Бюджет;189 796,38;1,19;1,19;84
Стол-тумба сервировочный 830х1200х430;410136112015001069;12.11.2015;12.11.2015;Особо ценное движимое имущество;16 3612273;192 083,08;Бюджет;189 796,38;1,19;1,19;84
Стол-тумба сервировочный 830х1200х430;410136112015001074;12.11.2015;12.11.2015;Особо ценное движимое имущество;16 3612273;192 083,08;Бюджет;189 796,38;1,19;1,19;84
Стол-тумба сервировочный 830х1200х430;410136112015001070;12.11.2015;12.11.2015;Особо ценное движимое имущество;16 3612273;192 083,08;Бюджет;189 796,38;1,19;1,19;84
Стол-тумба сервировочный 830х1200х430;410136112015001078;12.11.2015;12.11.2015;Особо ценное движимое имущество;16 3612273;192 083,08;Бюджет;189 796,38;1,19;1,19;84
Стол-тумба сервировочный 830х1200х430;410136112015001079;12.11.2015;12.11.2015;Особо ценное движимое имущество;16 3612273;192 083,08;Бюджет;189 796,38;1,19;1,19;84
Стол-тумба сервировочный 830х1200х430;410136112015001066;12.11.2015;12.11.2015;Особо ценное движимое имущество;16 3612273;192 083,08;Бюджет;189 796,38;1,19;1,19;84
Стул без подлокотников =780*470*550;410136112015001369;12.11.2015;12.11.2015;Особо ценное движимое имущество;16 3612551;61 777,21;Бюджет;61 041,77;1,19;1,19;84
Стул без подлокотников =780*470*550;410136112015001360;12.11.2015;12.11.2015;Особо ценное движимое имущество;16 3612551;61 777,21;Бюджет;61 041,77;1,19;1,19;84
Стул без подлокотников =780*470*550;410136112015001378;12.11.2015;12.11.2015;Особо ценное движимое имущество;16 3612551;61 777,21;Бюджет;61 041,77;1,19;1,19;84
Стул без подлокотников =780*470*550;410136112015001341;12.11.2015;12.11.2015;Особо ценное движимое имущество;16 3612551;61 777,21;Бюджет;61 041,77;1,19;1,19;84
Стул без подлокотников =780*470*550;410136112015001380;12.11.2015;12.11.2015;Особо ценное движимое имущество;16 3612551;61 777,21;Бюджет;61 041,77;1,19;1,19;84
Стул без подлокотников =780*470*550;410136112015001374;12.11.2015;12.11.2015;Особо ценное движимое имущество;16 3612551;61 777,21;Бюджет;61 041,77;1,19;1,19;84
Стул без подлокотников =780*470*550;410136112015001349;12.11.2015;12.11.2015;Особо ценное движимое имущество;16 3612551;61 777,21;Бюджет;61 041,77;1,19;1,19;84
Стул без подлокотников =780*470*550;410136112015001340;12.11.2015;12.11.2015;Особо ценное движимое имущество;16 3612551;61 777,21;Бюджет;61 041,77;1,19;1,19;84
Стул без подлокотников =780*470*550;410136112015001345;12.11.2015;12.11.2015;Особо ценное движимое имущество;16 3612551;61 777,21;Бюджет;61 041,77;1,19;1,19;84
Стул без подлокотников =780*470*550;410136112015001377;12.11.2015;12.11.2015;Особо ценное движимое имущество;16 3612551;61 777,21;Бюджет;61 041,77;1,19;1,19;84
Стул без подлокотников =780*470*550;410136112015001342;12.11.2015;12.11.2015;Особо ценное движимое имущество;16 3612551;61 777,21;Бюджет;61 041,77;1,19;1,19;84
Стул без подлокотников =780*470*550;410136112015001368;12.11.2015;12.11.2015;Особо ценное движимое имущество;16 3612551;61 777,21;Бюджет;61 041,77;1,19;1,19;84
Стул без подлокотников =780*470*550;410136112015001370;12.11.2015;12.11.2015;Особо ценное движимое имущество;16 3612551;61 777,21;Бюджет;61 041,77;1,19;1,19;84
Стул без подлокотников =780*470*550;410136112015001361;12.11.2015;12.11.2015;Особо ценное движимое имущество;16 3612551;61 777,21;Бюджет;61 041,77;1,19;1,19;84
Стул без подлокотников =780*470*550;410136112015001359;12.11.2015;12.11.2015;Особо ценное движимое имущество;16 3612551;61 777,21;Бюджет;61 041,77;1,19;1,19;84
Стул без подлокотников =780*470*550;410136112015001381;12.11.2015;12.11.2015;Особо ценное движимое имущество;16 3612551;61 777,21;Бюджет;61 041,77;1,19;1,19;84
Стул без подлокотников =780*470*550;410136112015001357;12.11.2015;12.11.2015;Особо ценное движимое имущество;16 3612551;61 777,21;Бюджет;61 041,77;1,19;1,19;84
Стул без подлокотников =780*470*550;410136112015001375;12.11.2015;12.11.2015;Особо ценное движимое имущество;16 3612551;61 777,21;Бюджет;61 041,77;1,19;1,19;84
Стул без подлокотников =780*470*550;410136112015001352;12.11.2015;12.11.2015;Особо ценное движимое имущество;16 3612551;61 777,21;Бюджет;61 041,77;1,19;1,19;84
Стул без подлокотников =780*470*550;410136112015001346;12.11.2015;12.11.2015;Особо ценное движимое имущество;16 3612551;61 777,21;Бюджет;61 041,77;1,19;1,19;84
Стул без подлокотников =780*470*550;410136112015001362;12.11.2015;12.11.2015;Особо ценное движимое имущество;16 3612551;61 777,21;Бюджет;61 041,77;1,19;1,19;84
Стул без подлокотников =780*470*550;410136112015001350;12.11.2015;12.11.2015;Особо ценное движимое имущество;16 3612551;61 777,21;Бюджет;61 041,77;1,19;1,19;84
Стул без подлокотников =780*470*550;410136112015001338;12.11.2015;12.11.2015;Особо ценное движимое имущество;16 3612551;61 777,21;Бюджет;61 041,77;1,19;1,19;84
Стул без подлокотников =780*470*550;410136112015001356;12.11.2015;12.11.2015;Особо ценное движимое имущество;16 3612551;61 777,21;Бюджет;61 041,77;1,19;1,19;84
Стул без подлокотников =780*470*550;410136112015001365;12.11.2015;12.11.2015;Особо ценное движимое имущество;16 3612551;61 777,21;Бюджет;61 041,77;1,19;1,19;84
Стул без подлокотников =780*470*550;410136112015001355;12.11.2015;12.11.2015;Особо ценное движимое имущество;16 3612551;61 777,21;Бюджет;61 041,77;1,19;1,19;84
Стул без подлокотников =780*470*550;410136112015001366;12.11.2015;12.11.2015;Особо ценное движимое имущество;16 3612551;61 777,21;Бюджет;61 041,77;1,19;1,19;84
Стул без подлокотников =780*470*550;410136112015001343;12.11.2015;12.11.2015;Особо ценное движимое имущество;16 3612551;61 777,21;Бюджет;61 041,77;1,19;1,19;84
Стул без подлокотников =780*470*550;410136112015001348;12.11.2015;12.11.2015;Особо ценное движимое имущество;16 3612551;61 777,21;Бюджет;61 041,77;1,19;1,19;84
Стул без подлокотников =780*470*550;410136112015001372;12.11.2015;12.11.2015;Особо ценное движимое имущество;16 3612551;61 777,21;Бюджет;61 041,77;1,19;1,19;84
Стул без подлокотников =780*470*550;410136112015001371;12.11.2015;12.11.2015;Особо ценное движимое имущество;16 3612551;61 777,21;Бюджет;61 041,77;1,19;1,19;84
Стул без подлокотников =780*470*550;410136112015001358;12.11.2015;12.11.2015;Особо ценное движимое имущество;16 3612551;61 777,21;Бюджет;61 041,77;1,19;1,19;84
Стул без подлокотников =780*470*550;410136112015001339;12.11.2015;12.11.2015;Особо ценное движимое имущество;16 3612551;61 777,21;Бюджет;61 041,77;1,19;1,19;84
Стул без подлокотников =780*470*550;410136112015001383;12.11.2015;12.11.2015;Особо ценное движимое имущество;16 3612551;61 777,21;Бюджет;61 041,77;1,19;1,19;84
Стул без подлокотников =780*470*550;410136112015001353;12.11.2015;12.11.2015;Особо ценное движимое имущество;16 3612551;61 777,21;Бюджет;61 041,77;1,19;1,19;84
Стул без подлокотников =780*470*550;410136112015001376;12.11.2015;12.11.2015;Особо ценное движимое имущество;16 3612551;61 777,21;Бюджет;61 041,77;1,19;1,19;84
Стул без подлокотников =780*470*550;410136112015001363;12.11.2015;12.11.2015;Особо ценное движимое имущество;16 3612551;61 777,21;Бюджет;61 041,77;1,19;1,19;84
Стул без подлокотников =780*470*550;410136112015001367;12.11.2015;12.11.2015;Особо ценное движимое имущество;16 3612551;61 777,21;Бюджет;61 041,77;1,19;1,19;84
Стул без подлокотников =780*470*550;410136112015001354;12.11.2015;12.11.2015;Особо ценное движимое имущество;16 3612551;61 777,21;Бюджет;61 041,77;1,19;1,19;84
Стул без подлокотников =780*470*550;410136112015001373;12.11.2015;12.11.2015;Особо ценное движимое имущество;16 3612551;61 777,21;Бюджет;61 041,77;1,19;1,19;84
Стул без подлокотников =780*470*550;410136112015001347;12.11.2015;12.11.2015;Особо ценное движимое имущество;16 3612551;61 777,21;Бюджет;61 041,77;1,19;1,19;84
Стул без подлокотников =780*470*550;410136112015001379;12.11.2015;12.11.2015;Особо ценное движимое имущество;16 3612551;61 777,21;Бюджет;61 041,77;1,19;1,19;84
Стул без подлокотников =780*470*550;410136112015001344;12.11.2015;12.11.2015;Особо ценное движимое имущество;16 3612551;61 777,21;Бюджет;61 041,77;1,19;1,19;84
Стул без подлокотников =780*470*550;410136112015001351;12.11.2015;12.11.2015;Особо ценное движимое имущество;16 3612551;61 777,21;Бюджет;61 041,77;1,19;1,19;84
Стул без подлокотников =780*470*550;410136112015001382;12.11.2015;12.11.2015;Особо ценное движимое имущество;16 3612551;61 777,21;Бюджет;61 041,77;1,19;1,19;84
Стул без подлокотников =780*470*550;410136112015001364;12.11.2015;12.11.2015;Особо ценное движимое имущество;16 3612551;61 777,21;Бюджет;61 041,77;1,19;1,19;84
Стул без подлокотников 780*470*550;410136112015001118;12.11.2015;12.11.2015;Особо ценное движимое имущество;16 3612551;99 225,00;Бюджет;98 043,75;1,19;1,19;84
Стул без подлокотников 780*470*550;410136112015001122;12.11.2015;12.11.2015;Особо ценное движимое имущество;16 3612551;99 225,00;Бюджет;98 043,75;1,19;1,19;84
Стул без подлокотников 780*470*550;410136112015001123;12.11.2015;12.11.2015;Особо ценное движимое имущество;16 3612551;99 225,00;Бюджет;98 043,75;1,19;1,19;84
Стул без подлокотников 780*470*550;410136112015001115;12.11.2015;12.11.2015;Особо ценное движимое имущество;16 3612551;99 225,00;Бюджет;98 043,75;1,19;1,19;84
Стул без подлокотников 780*470*550;410136112015001111;12.11.2015;12.11.2015;Особо ценное движимое имущество;16 3612551;99 225,00;Бюджет;98 043,75;1,19;1,19;84
Стул без подлокотников 780*470*550;410136112015001113;12.11.2015;12.11.2015;Особо ценное движимое имущество;16 3612551;99 225,00;Бюджет;98 043,75;1,19;1,19;84
Стул без подлокотников 780*470*550;410136112015001117;12.11.2015;12.11.2015;Особо ценное движимое имущество;16 3612551;99 225,00;Бюджет;98 043,75;1,19;1,19;84
Стул без подлокотников 780*470*550;410136112015001121;12.11.2015;12.11.2015;Особо ценное движимое имущество;16 3612551;99 225,00;Бюджет;98 043,75;1,19;1,19;84
Стул без подлокотников 780*470*550;410136112015001114;12.11.2015;12.11.2015;Особо ценное движимое имущество;16 3612551;99 225,00;Бюджет;98 043,75;1,19;1,19;84
Стул без подлокотников 780*470*550;410136112015001112;12.11.2015;12.11.2015;Особо ценное движимое имущество;16 3612551;99 225,00;Бюджет;98 043,75;1,19;1,19;84
Стул без подлокотников 780*470*550;410136112015001124;12.11.2015;12.11.2015;Особо ценное движимое имущество;16 3612551;99 225,00;Бюджет;98 043,75;1,19;1,19;84
Стул без подлокотников 780*470*550;410136112015001107;12.11.2015;12.11.2015;Особо ценное движимое имущество;16 3612551;99 225,00;Бюджет;98 043,75;1,19;1,19;84
Стул без подлокотников 780*470*550;410136112015001110;12.11.2015;12.11.2015;Особо ценное движимое имущество;16 3612551;99 225,00;Бюджет;98 043,75;1,19;1,19;84
Стул без подлокотников 780*470*550;410136112015001120;12.11.2015;12.11.2015;Особо ценное движимое имущество;16 3612551;99 225,00;Бюджет;98 043,75;1,19;1,19;84
Стул без подлокотников 780*470*550;410136112015001119;12.11.2015;12.11.2015;Особо ценное движимое имущество;16 3612551;99 225,00;Бюджет;98 043,75;1,19;1,19;84
Стул без подлокотников 780*470*550;410136112015001116;12.11.2015;12.11.2015;Особо ценное движимое имущество;16 3612551;99 225,00;Бюджет;98 043,75;1,19;1,19;84
Стул без подлокотников 780*470*550;410136112015001109;12.11.2015;12.11.2015;Особо ценное движимое имущество;16 3612551;99 225,00;Бюджет;98 043,75;1,19;1,19;84
Стул без подлокотников 780*470*550;410136112015001106;12.11.2015;12.11.2015;Особо ценное движимое имущество;16 3612551;99 225,00;Бюджет;98 043,75;1,19;1,19;84
Стул без подлокотников 780*470*550;410136112015001108;12.11.2015;12.11.2015;Особо ценное движимое имущество;16 3612551;99 225,00;Бюджет;98 043,75;1,19;1,19;84
Стул без подлокотников 970*590*500;410136112015001313;12.11.2015;12.11.2015;Особо ценное движимое имущество;16 3612551;72511,99;Бюджет;71648,75;1,19;1,19;84
Стул без подлокотников 970*590*500;410136112015001097;12.11.2015;12.11.2015;Особо ценное движимое имущество;16 3612551;113400;Бюджет;112050;1,19;1,19;84
Стул без подлокотников 970*590*500;410136112015001105;12.11.2015;12.11.2015;Особо ценное движимое имущество;16 3612551;113400;Бюджет;112050;1,19;1,19;84
Стул без подлокотников 970*590*500;410136112015001103;12.11.2015;12.11.2015;Особо ценное движимое имущество;16 3612551;113400;Бюджет;112050;1,19;1,19;84
Стул без подлокотников 970*590*500;410136112015001323;12.11.2015;12.11.2015;Особо ценное движимое имущество;16 3612551;72511,99;Бюджет;71648,75;1,19;1,19;84
Стул без подлокотников 970*590*500;410136112015001102;12.11.2015;12.11.2015;Особо ценное движимое имущество;16 3612551;113400;Бюджет;112050;1,19;1,19;84
Стул без подлокотников 970*590*500;410136112015001086;12.11.2015;12.11.2015;Особо ценное движимое имущество;16 3612551;113400;Бюджет;112050;1,19;1,19;84
Стул без подлокотников 970*590*500;410136112015001094;12.11.2015;12.11.2015;Особо ценное движимое имущество;16 3612551;113400;Бюджет;112050;1,19;1,19;84
Стул без подлокотников 970*590*500;410136112015001327;12.11.2015;12.11.2015;Особо ценное движимое имущество;16 3612551;72511,99;Бюджет;71648,75;1,19;1,19;84
Стул без подлокотников 970*590*500;410136112015001331;12.11.2015;12.11.2015;Особо ценное движимое имущество;16 3612551;72511,99;Бюджет;71648,75;1,19;1,19;84
Стул без подлокотников 970*590*500;410136112015001309;12.11.2015;12.11.2015;Особо ценное движимое имущество;16 3612551;72511,99;Бюджет;71648,75;1,19;1,19;84
Стул без подлокотников 970*590*500;410136112015001308;12.11.2015;12.11.2015;Особо ценное движимое имущество;16 3612551;72511,99;Бюджет;71648,75;1,19;1,19;84
Стул без подлокотников 970*590*500;410136112015001090;12.11.2015;12.11.2015;Особо ценное движимое имущество;16 3612551;113400;Бюджет;112050;1,19;1,19;84
Стул без подлокотников 970*590*500;410136112015001319;12.11.2015;12.11.2015;Особо ценное движимое имущество;16 3612551;72511,99;Бюджет;71648,75;1,19;1,19;84
Стул без подлокотников 970*590*500;410136112015001310;12.11.2015;12.11.2015;Особо ценное движимое имущество;16 3612551;72511,99;Бюджет;71648,75;1,19;1,19;84
Стул без подлокотников 970*590*500;410136112015001320;12.11.2015;12.11.2015;Особо ценное движимое имущество;16 3612551;72511,99;Бюджет;71648,75;1,19;1,19;84
Стул без подлокотников 970*590*500;410136112015001091;12.11.2015;12.11.2015;Особо ценное движимое имущество;16 3612551;113400;Бюджет;112050;1,19;1,19;84
Стул без подлокотников 970*590*500;410136112015001316;12.11.2015;12.11.2015;Особо ценное движимое имущество;16 3612551;72511,99;Бюджет;71648,75;1,19;1,19;84
Стул без подлокотников 970*590*500;410136112015001095;12.11.2015;12.11.2015;Особо ценное движимое имущество;16 3612551;113400;Бюджет;112050;1,19;1,19;84
Стул без подлокотников 970*590*500;410136112015001307;12.11.2015;12.11.2015;Особо ценное движимое имущество;16 3612551;72511,99;Бюджет;71648,75;1,19;1,19;84
Стул без подлокотников 970*590*500;410136112015001088;12.11.2015;12.11.2015;Особо ценное движимое имущество;16 3612551;113400;Бюджет;112050;1,19;1,19;84
Стул без подлокотников 970*590*500;410136112015001306;12.11.2015;12.11.2015;Особо ценное движимое имущество;16 3612551;72511,99;Бюджет;71648,75;1,19;1,19;84
Стул без подлокотников 970*590*500;410136112015001304;12.11.2015;12.11.2015;Особо ценное движимое имущество;16 3612551;72511,99;Бюджет;71648,75;1,19;1,19;84
Стул без подлокотников 970*590*500;410136112015001101;12.11.2015;12.11.2015;Особо ценное движимое имущество;16 3612551;113400;Бюджет;112050;1,19;1,19;84
Стул без подлокотников 970*590*500;410136112015001317;12.11.2015;12.11.2015;Особо ценное движимое имущество;16 3612551;72511,99;Бюджет;71648,75;1,19;1,19;84
Стул без подлокотников 970*590*500;410136112015001100;12.11.2015;12.11.2015;Особо ценное движимое имущество;16 3612551;113400;Бюджет;112050;1,19;1,19;84
Стул без подлокотников 970*590*500;410136112015001303;12.11.2015;12.11.2015;Особо ценное движимое имущество;16 3612551;72511,99;Бюджет;71648,75;1,19;1,19;84
Стул без подлокотников 970*590*500;410136112015001093;12.11.2015;12.11.2015;Особо ценное движимое имущество;16 3612551;113400;Бюджет;112050;1,19;1,19;84
Стул без подлокотников 970*590*500;410136112015001087;12.11.2015;12.11.2015;Особо ценное движимое имущество;16 3612551;113400;Бюджет;112050;1,19;1,19;84
Стул без подлокотников 970*590*500;410136112015001321;12.11.2015;12.11.2015;Особо ценное движимое имущество;16 3612551;72511,99;Бюджет;71648,75;1,19;1,19;84
Стул без подлокотников 970*590*500;410136112015001302;12.11.2015;12.11.2015;Особо ценное движимое имущество;16 3612551;72511,99;Бюджет;71648,75;1,19;1,19;84
Стул без подлокотников 970*590*500;410136112015001098;12.11.2015;12.11.2015;Особо ценное движимое имущество;16 3612551;113400;Бюджет;112050;1,19;1,19;84
Стул без подлокотников 970*590*500;410136112015001092;12.11.2015;12.11.2015;Особо ценное движимое имущество;16 3612551;113400;Бюджет;112050;1,19;1,19;84
Стул без подлокотников 970*590*500;410136112015001318;12.11.2015;12.11.2015;Особо ценное движимое имущество;16 3612551;72511,99;Бюджет;71648,75;1,19;1,19;84
Стул без подлокотников 970*590*500;410136112015001314;12.11.2015;12.11.2015;Особо ценное движимое имущество;16 3612551;72511,99;Бюджет;71648,75;1,19;1,19;84
Стул без подлокотников 970*590*500;410136112015001096;12.11.2015;12.11.2015;Особо ценное движимое имущество;16 3612551;113400;Бюджет;112050;1,19;1,19;84
Стул без подлокотников 970*590*500;410136112015001326;12.11.2015;12.11.2015;Особо ценное движимое имущество;16 3612551;72511,99;Бюджет;71648,75;1,19;1,19;84
Стул без подлокотников 970*590*500;410136112015001305;12.11.2015;12.11.2015;Особо ценное движимое имущество;16 3612551;72511,99;Бюджет;71648,75;1,19;1,19;84
Стул без подлокотников 970*590*500;410136112015001315;12.11.2015;12.11.2015;Особо ценное движимое имущество;16 3612551;72511,99;Бюджет;71648,75;1,19;1,19;84
Стул без подлокотников 970*590*500;410136112015001312;12.11.2015;12.11.2015;Особо ценное движимое имущество;16 3612551;72511,99;Бюджет;71648,75;1,19;1,19;84
Стул без подлокотников 970*590*500;410136112015001328;12.11.2015;12.11.2015;Особо ценное движимое имущество;16 3612551;72511,99;Бюджет;71648,75;1,19;1,19;84
Стул без подлокотников 970*590*500;410136112015001322;12.11.2015;12.11.2015;Особо ценное движимое имущество;16 3612551;72511,99;Бюджет;71648,75;1,19;1,19;84
Стул без подлокотников 970*590*500;410136112015001325;12.11.2015;12.11.2015;Особо ценное движимое имущество;16 3612551;72511,99;Бюджет;71648,75;1,19;1,19;84
Стул без подлокотников 970*590*500;410136112015001104;12.11.2015;12.11.2015;Особо ценное движимое имущество;16 3612551;113400;Бюджет;112050;1,19;1,19;84
Стул без подлокотников 970*590*500;410136112015001311;12.11.2015;12.11.2015;Особо ценное движимое имущество;16 3612551;72511,99;Бюджет;71648,75;1,19;1,19;84
Стул без подлокотников 970*590*500;410136112015001099;12.11.2015;12.11.2015;Особо ценное движимое имущество;16 3612551;113400;Бюджет;112050;1,19;1,19;84
Стул без подлокотников 970*590*500;410136112015001324;12.11.2015;12.11.2015;Особо ценное движимое имущество;16 3612551;72511,99;Бюджет;71648,75;1,19;1,19;84
Стул без подлокотников 970*590*500;410136112015001330;12.11.2015;12.11.2015;Особо ценное движимое имущество;16 3612551;72511,99;Бюджет;71648,75;1,19;1,19;84
Стул без подлокотников 970*590*500;410136112015001329;12.11.2015;12.11.2015;Особо ценное движимое имущество;16 3612551;72511,99;Бюджет;71648,75;1,19;1,19;84
Стул без подлокотников 970*590*500;410136112015001089;12.11.2015;12.11.2015;Особо ценное движимое имущество;16 3612551;113 400,00;Бюджет;112 050,00;1,19;1,19;84
Стул с подлокотниками 1010*610*500;410136112015001153;12.11.2015;12.11.2015;Особо ценное движимое имущество;16 3612551;66 095,40;Бюджет;65 308,55;1,19;1,19;84
Стул с подлокотниками 1010*610*500;410136112015001154;12.11.2015;12.11.2015;Особо ценное движимое имущество;16 3612551;66 095,40;Бюджет;65 308,55;1,19;1,19;84
Стул с подлокотниками 1010*610*500;410136112015001167;12.11.2015;12.11.2015;Особо ценное движимое имущество;16 3612551;66 095,40;Бюджет;65 308,55;1,19;1,19;84
Стул с подлокотниками 1010*610*500;410136112015001194;12.11.2015;12.11.2015;Особо ценное движимое имущество;16 3612551;66 095,40;Бюджет;65 308,55;1,19;1,19;84
Стул с подлокотниками 1010*610*500;410136112015001235;12.11.2015;12.11.2015;Особо ценное движимое имущество;16 3612551;66 095,40;Бюджет;65 308,55;1,19;1,19;84
Стул с подлокотниками 1010*610*500;410136112015001140;12.11.2015;12.11.2015;Особо ценное движимое имущество;16 3612551;66 095,40;Бюджет;65 308,55;1,19;1,19;84
Стул с подлокотниками 1010*610*500;410136112015001184;12.11.2015;12.11.2015;Особо ценное движимое имущество;16 3612551;66 095,40;Бюджет;65 308,55;1,19;1,19;84
Стул с подлокотниками 1010*610*500;410136112015001144;12.11.2015;12.11.2015;Особо ценное движимое имущество;16 3612551;66 095,40;Бюджет;65 308,55;1,19;1,19;84
Стул с подлокотниками 1010*610*500;410136112015001236;12.11.2015;12.11.2015;Особо ценное движимое имущество;16 3612551;66 095,40;Бюджет;65 308,55;1,19;1,19;84
Стул с подлокотниками 1010*610*500;410136112015001162;12.11.2015;12.11.2015;Особо ценное движимое имущество;16 3612551;66 095,40;Бюджет;65 308,55;1,19;1,19;84
Стул с подлокотниками 1010*610*500;410136112015001175;12.11.2015;12.11.2015;Особо ценное движимое имущество;16 3612551;66 095,40;Бюджет;65 308,55;1,19;1,19;84
Стул с подлокотниками 1010*610*500;410136112015001213;12.11.2015;12.11.2015;Особо ценное движимое имущество;16 3612551;66 095,40;Бюджет;65 308,55;1,19;1,19;84
Стул с подлокотниками 1010*610*500;410136112015001201;12.11.2015;12.11.2015;Особо ценное движимое имущество;16 3612551;66 095,40;Бюджет;65 308,55;1,19;1,19;84
Стул с подлокотниками 1010*610*500;410136112015001222;12.11.2015;12.11.2015;Особо ценное движимое имущество;16 3612551;66 095,40;Бюджет;65 308,55;1,19;1,19;84
Стул с подлокотниками 1010*610*500;410136112015001163;12.11.2015;12.11.2015;Особо ценное движимое имущество;16 3612551;66 095,40;Бюджет;65 308,55;1,19;1,19;84
Стул с подлокотниками 1010*610*500;410136112015001203;12.11.2015;12.11.2015;Особо ценное движимое имущество;16 3612551;66 095,40;Бюджет;65 308,55;1,19;1,19;84
Стул с подлокотниками 1010*610*500;410136112015001176;12.11.2015;12.11.2015;Особо ценное движимое имущество;16 3612551;66 095,40;Бюджет;65 308,55;1,19;1,19;84
Стул с подлокотниками 1010*610*500;410136112015001212;12.11.2015;12.11.2015;Особо ценное движимое имущество;16 3612551;66 095,40;Бюджет;65 308,55;1,19;1,19;84
Стул с подлокотниками 1010*610*500;410136112015001221;12.11.2015;12.11.2015;Особо ценное движимое имущество;16 3612551;66 095,40;Бюджет;65 308,55;1,19;1,19;84
Стул с подлокотниками 1010*610*500;410136112015001166;12.11.2015;12.11.2015;Особо ценное движимое имущество;16 3612551;66 095,40;Бюджет;65 308,55;1,19;1,19;84
Стул с подлокотниками 1010*610*500;410136112015001185;12.11.2015;12.11.2015;Особо ценное движимое имущество;16 3612551;66 095,40;Бюджет;65 308,55;1,19;1,19;84
Стул с подлокотниками 1010*610*500;410136112015001143;12.11.2015;12.11.2015;Особо ценное движимое имущество;16 3612551;66 095,40;Бюджет;65 308,55;1,19;1,19;84
Стул с подлокотниками 1010*610*500;410136112015001200;12.11.2015;12.11.2015;Особо ценное движимое имущество;16 3612551;66 095,40;Бюджет;65 308,55;1,19;1,19;84
Стул с подлокотниками 1010*610*500;410136112015001180;12.11.2015;12.11.2015;Особо ценное движимое имущество;16 3612551;66 095,40;Бюджет;65 308,55;1,19;1,19;84
Стул с подлокотниками 1010*610*500;410136112015001155;12.11.2015;12.11.2015;Особо ценное движимое имущество;16 3612551;66 095,40;Бюджет;65 308,55;1,19;1,19;84
Стул с подлокотниками 1010*610*500;410136112015001168;12.11.2015;12.11.2015;Особо ценное движимое имущество;16 3612551;66 095,40;Бюджет;65 308,55;1,19;1,19;84
Стул с подлокотниками 1010*610*500;410136112015001217;12.11.2015;12.11.2015;Особо ценное движимое имущество;16 3612551;66 095,40;Бюджет;65 308,55;1,19;1,19;84
Стул с подлокотниками 1010*610*500;410136112015001196;12.11.2015;12.11.2015;Особо ценное движимое имущество;16 3612551;66 095,40;Бюджет;65 308,55;1,19;1,19;84
Стул с подлокотниками 1010*610*500;410136112015001171;12.11.2015;12.11.2015;Особо ценное движимое имущество;16 3612551;66 095,40;Бюджет;65 308,55;1,19;1,19;84
Стул с подлокотниками 1010*610*500;410136112015001158;12.11.2015;12.11.2015;Особо ценное движимое имущество;16 3612551;66 095,40;Бюджет;65 308,55;1,19;1,19;84
Стул с подлокотниками 1010*610*500;410136112015001230;12.11.2015;12.11.2015;Особо ценное движимое имущество;16 3612551;66 095,40;Бюджет;65 308,55;1,19;1,19;84
Стул с подлокотниками 1010*610*500;410136112015001190;12.11.2015;12.11.2015;Особо ценное движимое имущество;16 3612551;66 095,40;Бюджет;65 308,55;1,19;1,19;84
Стул с подлокотниками 1010*610*500;410136112015001208;12.11.2015;12.11.2015;Особо ценное движимое имущество;16 3612551;66 095,40;Бюджет;65 308,55;1,19;1,19;84
Стул с подлокотниками 1010*610*500;410136112015001227;12.11.2015;12.11.2015;Особо ценное движимое имущество;16 3612551;66 095,40;Бюджет;65 308,55;1,19;1,19;84
Стул с подлокотниками 1010*610*500;410136112015001149;12.11.2015;12.11.2015;Особо ценное движимое имущество;16 3612551;66 095,40;Бюджет;65 308,55;1,19;1,19;84
Стул с подлокотниками 1010*610*500;410136112015001181;12.11.2015;12.11.2015;Особо ценное движимое имущество;16 3612551;66 095,40;Бюджет;65 308,55;1,19;1,19;84
Стул с подлокотниками 1010*610*500;410136112015001237;12.11.2015;12.11.2015;Особо ценное движимое имущество;16 3612551;66 095,40;Бюджет;65 308,55;1,19;1,19;84
Стул с подлокотниками 1010*610*500;410136112015001214;12.11.2015;12.11.2015;Особо ценное движимое имущество;16 3612551;66 095,40;Бюджет;65 308,55;1,19;1,19;84
Стул с подлокотниками 1010*610*500;410136112015001218;12.11.2015;12.11.2015;Особо ценное движимое имущество;16 3612551;66 095,40;Бюджет;65 308,55;1,19;1,19;84
Стул с подлокотниками 1010*610*500;410136112015001197;12.11.2015;12.11.2015;Особо ценное движимое имущество;16 3612551;66 095,40;Бюджет;65 308,55;1,19;1,19;84
Стул с подлокотниками 1010*610*500;410136112015001172;12.11.2015;12.11.2015;Особо ценное движимое имущество;16 3612551;66 095,40;Бюджет;65 308,55;1,19;1,19;84
Стул с подлокотниками 1010*610*500;410136112015001159;12.11.2015;12.11.2015;Особо ценное движимое имущество;16 3612551;66 095,40;Бюджет;65 308,55;1,19;1,19;84
Стул с подлокотниками 1010*610*500;410136112015001164;12.11.2015;12.11.2015;Особо ценное движимое имущество;16 3612551;66 095,40;Бюджет;65 308,55;1,19;1,19;84
Стул с подлокотниками 1010*610*500;410136112015001231;12.11.2015;12.11.2015;Особо ценное движимое имущество;16 3612551;66 095,40;Бюджет;65 308,55;1,19;1,19;84
Стул с подлокотниками 1010*610*500;410136112015001191;12.11.2015;12.11.2015;Особо ценное движимое имущество;16 3612551;66 095,40;Бюджет;65 308,55;1,19;1,19;84
Стул с подлокотниками 1010*610*500;410136112015001177;12.11.2015;12.11.2015;Особо ценное движимое имущество;16 3612551;66 095,40;Бюджет;65 308,55;1,19;1,19;84
Стул с подлокотниками 1010*610*500;410136112015001178;12.11.2015;12.11.2015;Особо ценное движимое имущество;16 3612551;66 095,40;Бюджет;65 308,55;1,19;1,19;84
Стул с подлокотниками 1010*610*500;410136112015001165;12.11.2015;12.11.2015;Особо ценное движимое имущество;16 3612551;66 095,40;Бюджет;65 308,55;1,19;1,19;84
Стул с подлокотниками 1010*610*500;410136112015001215;12.11.2015;12.11.2015;Особо ценное движимое имущество;16 3612551;66 095,40;Бюджет;65 308,55;1,19;1,19;84
Стул с подлокотниками 1010*610*500;410136112015001146;12.11.2015;12.11.2015;Особо ценное движимое имущество;16 3612551;66 095,40;Бюджет;65 308,55;1,19;1,19;84
Стул с подлокотниками 1010*610*500;410136112015001238;12.11.2015;12.11.2015;Особо ценное движимое имущество;16 3612551;66 095,40;Бюджет;65 308,55;1,19;1,19;84
Стул с подлокотниками 1010*610*500;410136112015001169;12.11.2015;12.11.2015;Особо ценное движимое имущество;16 3612551;66 095,40;Бюджет;65 308,55;1,19;1,19;84
Стул с подлокотниками 1010*610*500;410136112015001156;12.11.2015;12.11.2015;Особо ценное движимое имущество;16 3612551;66 095,40;Бюджет;65 308,55;1,19;1,19;84
Стул с подлокотниками 1010*610*500;410136112015001188;12.11.2015;12.11.2015;Особо ценное движимое имущество;16 3612551;66 095,40;Бюджет;65 308,55;1,19;1,19;84
Стул с подлокотниками 1010*610*500;410136112015001206;12.11.2015;12.11.2015;Особо ценное движимое имущество;16 3612551;66 095,40;Бюджет;65 308,55;1,19;1,19;84
Стул с подлокотниками 1010*610*500;410136112015001225;12.11.2015;12.11.2015;Особо ценное движимое имущество;16 3612551;66 095,40;Бюджет;65 308,55;1,19;1,19;84
Стул с подлокотниками 1010*610*500;410136112015001224;12.11.2015;12.11.2015;Особо ценное движимое имущество;16 3612551;66 095,40;Бюджет;65 308,55;1,19;1,19;84
Стул с подлокотниками 1010*610*500;410136112015001147;12.11.2015;12.11.2015;Особо ценное движимое имущество;16 3612551;66 095,40;Бюджет;65 308,55;1,19;1,19;84
Стул с подлокотниками 1010*610*500;410136112015001179;12.11.2015;12.11.2015;Особо ценное движимое имущество;16 3612551;66 095,40;Бюджет;65 308,55;1,19;1,19;84
Стул с подлокотниками 1010*610*500;410136112015001205;12.11.2015;12.11.2015;Особо ценное движимое имущество;16 3612551;66 095,40;Бюджет;65 308,55;1,19;1,19;84
Стул с подлокотниками 1010*610*500;410136112015001216;12.11.2015;12.11.2015;Особо ценное движимое имущество;16 3612551;66 095,40;Бюджет;65 308,55;1,19;1,19;84
Стул с подлокотниками 1010*610*500;410136112015001239;12.11.2015;12.11.2015;Особо ценное движимое имущество;16 3612551;66 095,40;Бюджет;65 308,55;1,19;1,19;84
Стул с подлокотниками 1010*610*500;410136112015001195;12.11.2015;12.11.2015;Особо ценное движимое имущество;16 3612551;66 095,40;Бюджет;65 308,55;1,19;1,19;84
Стул с подлокотниками 1010*610*500;410136112015001170;12.11.2015;12.11.2015;Особо ценное движимое имущество;16 3612551;66 095,40;Бюджет;65 308,55;1,19;1,19;84
Стул с подлокотниками 1010*610*500;410136112015001157;12.11.2015;12.11.2015;Особо ценное движимое имущество;16 3612551;66 095,40;Бюджет;65 308,55;1,19;1,19;84
Стул с подлокотниками 1010*610*500;410136112015001189;12.11.2015;12.11.2015;Особо ценное движимое имущество;16 3612551;66 095,40;Бюджет;65 308,55;1,19;1,19;84
Стул с подлокотниками 1010*610*500;410136112015001207;12.11.2015;12.11.2015;Особо ценное движимое имущество;16 3612551;66 095,40;Бюджет;65 308,55;1,19;1,19;84
Стул с подлокотниками 1010*610*500;410136112015001226;12.11.2015;12.11.2015;Особо ценное движимое имущество;16 3612551;66 095,40;Бюджет;65 308,55;1,19;1,19;84
Стул с подлокотниками 1010*610*500;410136112015001187;12.11.2015;12.11.2015;Особо ценное движимое имущество;16 3612551;66 095,40;Бюджет;65 308,55;1,19;1,19;84
Стул с подлокотниками 1010*610*500;410136112015001148;12.11.2015;12.11.2015;Особо ценное движимое имущество;16 3612551;66 095,40;Бюджет;65 308,55;1,19;1,19;84
Стул с подлокотниками 1010*610*500;410136112015001192;12.11.2015;12.11.2015;Особо ценное движимое имущество;16 3612551;66 095,40;Бюджет;65 308,55;1,19;1,19;84
Стул с подлокотниками 1010*610*500;410136112015001210;12.11.2015;12.11.2015;Особо ценное движимое имущество;16 3612551;66 095,40;Бюджет;65 308,55;1,19;1,19;84
Стул с подлокотниками 1010*610*500;410136112015001233;12.11.2015;12.11.2015;Особо ценное движимое имущество;16 3612551;66 095,40;Бюджет;65 308,55;1,19;1,19;84
Стул с подлокотниками 1010*610*500;410136112015001229;12.11.2015;12.11.2015;Особо ценное движимое имущество;16 3612551;66 095,40;Бюджет;65 308,55;1,19;1,19;84
Стул с подлокотниками 1010*610*500;410136112015001151;12.11.2015;12.11.2015;Особо ценное движимое имущество;16 3612551;66 095,40;Бюджет;65 308,55;1,19;1,19;84
Стул с подлокотниками 1010*610*500;410136112015001223;12.11.2015;12.11.2015;Особо ценное движимое имущество;16 3612551;66 095,40;Бюджет;65 308,55;1,19;1,19;84
Стул с подлокотниками 1010*610*500;410136112015001183;12.11.2015;12.11.2015;Особо ценное движимое имущество;16 3612551;66 095,40;Бюджет;65 308,55;1,19;1,19;84
Стул с подлокотниками 1010*610*500;410136112015001220;12.11.2015;12.11.2015;Особо ценное движимое имущество;16 3612551;66 095,40;Бюджет;65 308,55;1,19;1,19;84
Стул с подлокотниками 1010*610*500;410136112015001199;12.11.2015;12.11.2015;Особо ценное движимое имущество;16 3612551;66 095,40;Бюджет;65 308,55;1,19;1,19;84
Стул с подлокотниками 1010*610*500;410136112015001142;12.11.2015;12.11.2015;Особо ценное движимое имущество;16 3612551;66 095,40;Бюджет;65 308,55;1,19;1,19;84
Стул с подлокотниками 1010*610*500;410136112015001174;12.11.2015;12.11.2015;Особо ценное движимое имущество;16 3612551;66 095,40;Бюджет;65 308,55;1,19;1,19;84
Стул с подлокотниками 1010*610*500;410136112015001161;12.11.2015;12.11.2015;Особо ценное движимое имущество;16 3612551;66 095,40;Бюджет;65 308,55;1,19;1,19;84
Стул с подлокотниками 1010*610*500;410136112015001193;12.11.2015;12.11.2015;Особо ценное движимое имущество;16 3612551;66 095,40;Бюджет;65 308,55;1,19;1,19;84
Стул с подлокотниками 1010*610*500;410136112015001204;12.11.2015;12.11.2015;Особо ценное движимое имущество;16 3612551;66 095,40;Бюджет;65 308,55;1,19;1,19;84
Стул с подлокотниками 1010*610*500;410136112015001211;12.11.2015;12.11.2015;Особо ценное движимое имущество;16 3612551;66 095,40;Бюджет;65 308,55;1,19;1,19;84
Стул с подлокотниками 1010*610*500;410136112015001234;12.11.2015;12.11.2015;Особо ценное движимое имущество;16 3612551;66 095,40;Бюджет;65 308,55;1,19;1,19;84
Стул с подлокотниками 1010*610*500;410136112015001152;12.11.2015;12.11.2015;Особо ценное движимое имущество;16 3612551;66 095,40;Бюджет;65 308,55;1,19;1,19;84
Стул с подлокотниками 1010*610*500;410136112015001186;12.11.2015;12.11.2015;Особо ценное движимое имущество;16 3612551;66 095,40;Бюджет;65 308,55;1,19;1,19;84
Стул с подлокотниками 1010*610*500;410136112015001232;12.11.2015;12.11.2015;Особо ценное движимое имущество;16 3612551;66 095,40;Бюджет;65 308,55;1,19;1,19;84
Стул с подлокотниками 1010*610*500;410136112015001209;12.11.2015;12.11.2015;Особо ценное движимое имущество;16 3612551;66 095,40;Бюджет;65 308,55;1,19;1,19;84
Стул с подлокотниками 1010*610*500;410136112015001228;12.11.2015;12.11.2015;Особо ценное движимое имущество;16 3612551;66 095,40;Бюджет;65 308,55;1,19;1,19;84
Стул с подлокотниками 1010*610*500;410136112015001150;12.11.2015;12.11.2015;Особо ценное движимое имущество;16 3612551;66 095,40;Бюджет;65 308,55;1,19;1,19;84
Стул с подлокотниками 1010*610*500;410136112015001145;12.11.2015;12.11.2015;Особо ценное движимое имущество;16 3612551;66 095,40;Бюджет;65 308,55;1,19;1,19;84
Стул с подлокотниками 1010*610*500;410136112015001182;12.11.2015;12.11.2015;Особо ценное движимое имущество;16 3612551;66 095,40;Бюджет;65 308,55;1,19;1,19;84
Стул с подлокотниками 1010*610*500;410136112015001219;12.11.2015;12.11.2015;Особо ценное движимое имущество;16 3612551;66 095,40;Бюджет;65 308,55;1,19;1,19;84
Стул с подлокотниками 1010*610*500;410136112015001198;12.11.2015;12.11.2015;Особо ценное движимое имущество;16 3612551;66 095,40;Бюджет;65 308,55;1,19;1,19;84
Стул с подлокотниками 1010*610*500;410136112015001141;12.11.2015;12.11.2015;Особо ценное движимое имущество;16 3612551;66 095,40;Бюджет;65 308,55;1,19;1,19;84
Стул с подлокотниками 1010*610*500;410136112015001202;12.11.2015;12.11.2015;Особо ценное движимое имущество;16 3612551;66 095,40;Бюджет;65 308,55;1,19;1,19;84
Стул с подлокотниками 1010*610*500;410136112015001160;12.11.2015;12.11.2015;Особо ценное движимое имущество;16 3612551;66 095,40;Бюджет;65 308,55;1,19;1,19;84
Стул с подлокотниками 1010*610*500;410136112015001173;12.11.2015;12.11.2015;Особо ценное движимое имущество;16 3612551;66 095,40;Бюджет;65 308,55;1,19;1,19;84
Стул с подлокотником 1010*610*500;410136112015001125;12.11.2015;12.11.2015;Особо ценное движимое имущество;16 3612551;101 974,95;Бюджет;100 760,96;1,19;1,19;84
Стул с подлокотником 1010*610*500;410136112015001132;12.11.2015;12.11.2015;Особо ценное движимое имущество;16 3612551;101 974,95;Бюджет;100 760,96;1,19;1,19;84
Стул с подлокотником 1010*610*500;410136112015001135;12.11.2015;12.11.2015;Особо ценное движимое имущество;16 3612551;101 974,95;Бюджет;100 760,96;1,19;1,19;84
Стул с подлокотником 1010*610*500;410136112015001131;12.11.2015;12.11.2015;Особо ценное движимое имущество;16 3612551;101 974,95;Бюджет;100 760,96;1,19;1,19;84
Стул с подлокотником 1010*610*500;410136112015001138;12.11.2015;12.11.2015;Особо ценное движимое имущество;16 3612551;101 974,95;Бюджет;100 760,96;1,19;1,19;84
Стул с подлокотником 1010*610*500;410136112015001129;12.11.2015;12.11.2015;Особо ценное движимое имущество;16 3612551;101 974,95;Бюджет;100 760,96;1,19;1,19;84
Стул с подлокотником 1010*610*500;410136112015001128;12.11.2015;12.11.2015;Особо ценное движимое имущество;16 3612551;101 974,95;Бюджет;100 760,96;1,19;1,19;84
Стул с подлокотником 1010*610*500;410136112015001139;12.11.2015;12.11.2015;Особо ценное движимое имущество;16 3612551;101 974,95;Бюджет;100 760,96;1,19;1,19;84
Стул с подлокотником 1010*610*500;410136112015001134;12.11.2015;12.11.2015;Особо ценное движимое имущество;16 3612551;101 974,95;Бюджет;100 760,96;1,19;1,19;84
Стул с подлокотником 1010*610*500;410136112015001137;12.11.2015;12.11.2015;Особо ценное движимое имущество;16 3612551;101 974,95;Бюджет;100 760,96;1,19;1,19;84
Стул с подлокотником 1010*610*500;410136112015001133;12.11.2015;12.11.2015;Особо ценное движимое имущество;16 3612551;101 974,95;Бюджет;100 760,96;1,19;1,19;84
Стул с подлокотником 1010*610*500;410136112015001127;12.11.2015;12.11.2015;Особо ценное движимое имущество;16 3612551;101 974,95;Бюджет;100 760,96;1,19;1,19;84
Стул с подлокотником 1010*610*500;410136112015001136;12.11.2015;12.11.2015;Особо ценное движимое имущество;16 3612551;101 974,95;Бюджет;100 760,96;1,19;1,19;84
Стул с подлокотником 1010*610*500;410136112015001130;12.11.2015;12.11.2015;Особо ценное движимое имущество;16 3612551;101 974,95;Бюджет;100 760,96;1,19;1,19;84
Стул с подлокотником 1010*610*500;410136112015001126;12.11.2015;12.11.2015;Особо ценное движимое имущество;16 3612551;101 974,95;Бюджет;100 760,96;1,19;1,19;84
Стул с подлокотником 900*590*670;410136112015001081;12.11.2015;12.11.2015;Особо ценное движимое имущество;16 3612300;117 131,52;Бюджет;115 737,10;1,19;1,19;84
Стул с подлокотником 900*590*670;410136112015001083;12.11.2015;12.11.2015;Особо ценное движимое имущество;16 3612300;117 131,52;Бюджет;115 737,10;1,19;1,19;84
Стул с подлокотником 900*590*670;410136112015001082;12.11.2015;12.11.2015;Особо ценное движимое имущество;16 3612300;117 131,52;Бюджет;115 737,10;1,19;1,19;84
Шкаф-локер 3-х секционный (48 ячеек)(2000*4000*480) 1013625665345;410136092015001082;12.11.2015;12.11.2015;Особо ценное движимое имущество;16 3612434;198 560,00;Бюджет;196 196,19;1,19;1,19;84
Шкаф-локер 3-х секционный (48 ячеек)(2000*4000*480) 1013625665374;410136092015001083;12.11.2015;12.11.2015;Особо ценное движимое имущество;16 3612434;198 560,00;Бюджет;196 196,19;1,19;1,19;84
;;;;;;;;;;;
;;;;;;;;;;;
;;;;;;;;;;;
;;;;;;;;;;;
